"ID","EMPRESA","FECHA_DOCUMENTO","REFERENCIA_DOCUMENTO","NUMERO_DOCUMENTO","MONEDA","TIPO_CAMBIO","DEBITO_CREDITO","CUENTA_CONTABLE","CODIGO_PROVEEDOR","IMPORTE","SUCURSAL","CONDICION_PAGO","FECHA_VENCIMIENTO","BLOQUEO_PAGO","SISTEMA_ORIGEN","FECHA_ENVIO","FECHA_CONTABLE","CLASE_DOCUMENTO","NUMERO_REFERENCIA","CENTRO_COSTO","CENTRO_BENEFICIO","NUMERO_UUID","FLAG_ENVIADO","FECHA_RECEPCION","","ORIGEN_ETL","IdPeriodo"
"8FE4BDDE-4C12-43A6-95EA-9BC45CD73AE3","2005",2025-08-31,Fill Rate Agosto 2025,"08-Fill Rats 08-000751169-25M",MXN,1.0000,D,"2001000001","487",675.34,"9502",C001,2025-08-31,,REBATES                       ,2025-10-24,2025-10-22,KI,"2",SD11000000,"",,"0",2025-10-22,REMAN,SODISAP,"158"
"11EACEE9-AC9A-4035-BF89-7693DD726999","2005",2025-08-31,Fill Rate Agosto 2025,"08-Fill Rats 08-000751169-25M",MXN,1.0000,C,"5801011003","487",582.19,"9502",C001,2025-08-31,,REBATES                       ,2025-10-24,2025-10-22,KI,"2",SD11000000,"",,"0",2025-10-22,REMAN,SODISAP,"158"
A128467B-5BBE-4231-8443-A1CBB63B9F4B,"2005",2025-08-31,Fill Rate Agosto 2025,"08-Fill Rats 08-000751169-25M",MXN,1.0000,C,"1008030201","487",93.15,"9502",C001,2025-08-31,,REBATES                       ,2025-10-24,2025-10-22,KI,"2",SD11000000,"",,"0",2025-10-22,REMAN,SODISAP,"158"
BA088283-703E-4953-82F6-1512981702B0,"2005",2025-08-31,Fill Rate Agosto 2025,"08-Fill Rats 08-000751169-25M",MXN,1.0000,D,"2001000001","9642",461.12,"9502",C001,2025-08-31,,REBATES                       ,2025-10-24,2025-10-22,KI,"3",SD11000000,"",,"0",2025-10-22,REMAN,SODISAP,"158"
C69E7422-9F79-44AD-95FA-3EC77726DA02,"2005",2025-08-31,Fill Rate Agosto 2025,"08-Fill Rats 08-000751169-25M",MXN,1.0000,C,"5801011003","9642",397.52,"9502",C001,2025-08-31,,REBATES                       ,2025-10-24,2025-10-22,KI,"3",SD11000000,"",,"0",2025-10-22,REMAN,SODISAP,"158"
C30C21B3-10FC-4C31-942B-A7FB037C5C86,"2005",2025-08-31,Fill Rate Agosto 2025,"08-Fill Rats 08-000751169-25M",MXN,1.0000,C,"1008030201","9642",63.60,"9502",C001,2025-08-31,,REBATES                       ,2025-10-24,2025-10-22,KI,"3",SD11000000,"",,"0",2025-10-22,REMAN,SODISAP,"158"
C6D61DDB-C720-4412-9190-85F1DD5C8FF5,"2005",2025-08-31,Fill Rate Agosto 2025,"08-Fill Rats 08-000751169-25M",MXN,1.0000,D,"2001000001","15052",135.93,"9502",C001,2025-08-31,,REBATES                       ,2025-10-24,2025-10-22,KI,"4",SD11000000,"",,"0",2025-10-22,REMAN,SODISAP,"158"
"38E8D57C-2E05-4D2B-BA0C-844CA7422A99","2005",2025-08-31,Fill Rate Agosto 2025,"08-Fill Rats 08-000751169-25M",MXN,1.0000,C,"5801011003","15052",117.19,"9502",C001,2025-08-31,,REBATES                       ,2025-10-24,2025-10-22,KI,"4",SD11000000,"",,"0",2025-10-22,REMAN,SODISAP,"158"
D3B82249-161D-490C-8652-40067D31CD98,"2005",2025-08-31,Fill Rate Agosto 2025,"08-Fill Rats 08-000751169-25M",MXN,1.0000,C,"1008030201","15052",18.74,"9502",C001,2025-08-31,,REBATES                       ,2025-10-24,2025-10-22,KI,"4",SD11000000,"",,"0",2025-10-22,REMAN,SODISAP,"158"
A3989826-16EF-4781-BD45-9CF2A0104838,"2005",2025-08-31,Fill Rate Agosto 2025,"08-Fill Rats 08-000751169-25M",MXN,1.0000,D,"2001000001","17685",691.77,"9502",C001,2025-08-31,,REBATES                       ,2025-10-24,2025-10-22,KI,"6",SD11000000,"",,"0",2025-10-22,REMAN,SODISAP,"158"
"7D284FA7-D2AE-494C-B55D-7D22F119CBDC","2005",2025-08-31,Fill Rate Agosto 2025,"08-Fill Rats 08-000751169-25M",MXN,1.0000,C,"5801011003","17685",596.35,"9502",C001,2025-08-31,,REBATES                       ,2025-10-24,2025-10-22,KI,"6",SD11000000,"",,"0",2025-10-22,REMAN,SODISAP,"158"
CC6D9DF2-2085-45D6-B1D1-B0532315A2D6,"2005",2025-08-31,Fill Rate Agosto 2025,"08-Fill Rats 08-000751169-25M",MXN,1.0000,C,"1008030201","17685",95.42,"9502",C001,2025-08-31,,REBATES                       ,2025-10-24,2025-10-22,KI,"6",SD11000000,"",,"0",2025-10-22,REMAN,SODISAP,"158"
"06D56F7D-0FCE-4845-9732-4CAE0943EDEE","2005",2025-08-31,Fill Rate Agosto 2025,"08-Fill Rats 08-000751169-25M",MXN,1.0000,D,"2001000001","18204",17468.34,"9502",C001,2025-08-31,,REBATES                       ,2025-10-24,2025-10-22,KI,"6",SD11000000,"",,"0",2025-10-22,REMAN,SODISAP,"158"
"0F4D8921-F76E-4FC0-AF9A-0100463EC471","2005",2025-08-31,Fill Rate Agosto 2025,"08-Fill Rats 08-000751169-25M",MXN,1.0000,C,"5801011003","18204",15058.92,"9502",C001,2025-08-31,,REBATES                       ,2025-10-24,2025-10-22,KI,"6",SD11000000,"",,"0",2025-10-22,REMAN,SODISAP,"158"
B71A0245-0C74-47E0-BF56-46340779AC76,"2005",2025-08-31,Fill Rate Agosto 2025,"08-Fill Rats 08-000751169-25M",MXN,1.0000,C,"1008030201","18204",2409.42,"9502",C001,2025-08-31,,REBATES                       ,2025-10-24,2025-10-22,KI,"6",SD11000000,"",,"0",2025-10-22,REMAN,SODISAP,"158"
F108FF3D-A38A-417A-AE6B-7EA0E9A7AC6E,"2005",2025-08-31,Fill Rate Agosto 2025,"08-Fill Rats 08-000751169-25M",MXN,1.0000,D,"2001000001","24489",18077.05,"9502",C001,2025-08-31,,REBATES                       ,2025-10-24,2025-10-22,KI,"7",SD11000000,"",,"0",2025-10-22,REMAN,SODISAP,"158"
"05D53ED1-CEF4-442B-8548-BC5D6FB0DD4E","2005",2025-08-31,Fill Rate Agosto 2025,"08-Fill Rats 08-000751169-25M",MXN,1.0000,C,"5801011003","24489",15583.67,"9502",C001,2025-08-31,,REBATES                       ,2025-10-24,2025-10-22,KI,"7",SD11000000,"",,"0",2025-10-22,REMAN,SODISAP,"158"
F6752006-819A-41AA-96A4-90AAF161789D,"2005",2025-08-31,Fill Rate Agosto 2025,"08-Fill Rats 08-000751169-25M",MXN,1.0000,C,"1008030201","24489",2493.38,"9502",C001,2025-08-31,,REBATES                       ,2025-10-24,2025-10-22,KI,"7",SD11000000,"",,"0",2025-10-22,REMAN,SODISAP,"158"
A2127635-E2B0-4F5B-BB27-2FADFCA1C6BE,"2005",2025-08-31,Fill Rate Agosto 2025,"08-Fill Rats 08-000751169-25M",MXN,1.0000,D,"2001000001","34801",1233.37,"9502",C001,2025-08-31,,REBATES                       ,2025-10-24,2025-10-22,KI,"8",SD11000000,"",,"0",2025-10-22,REMAN,SODISAP,"158"
"5BCF11B5-BBE4-43EA-A20A-DD2B1372B5E5","2005",2025-08-31,Fill Rate Agosto 2025,"08-Fill Rats 08-000751169-25M",MXN,1.0000,C,"5801011003","34801",1063.25,"9502",C001,2025-08-31,,REBATES                       ,2025-10-24,2025-10-22,KI,"8",SD11000000,"",,"0",2025-10-22,REMAN,SODISAP,"158"
EEFD85FD-D5AC-4D1F-9A1F-5E11D2ACE9F3,"2005",2025-08-31,Fill Rate Agosto 2025,"08-Fill Rats 08-000751169-25M",MXN,1.0000,C,"1008030201","34801",170.12,"9502",C001,2025-08-31,,REBATES                       ,2025-10-24,2025-10-22,KI,"8",SD11000000,"",,"0",2025-10-22,REMAN,SODISAP,"158"
E396FC70-C4C7-4C48-8DE3-DB51CEAD3D33,"2005",2025-08-31,Fill Rate Agosto 2025,"08-Fill Rats 08-000751169-25M",MXN,1.0000,D,"2001000001","41590",15324.88,"9502",C001,2025-08-31,,REBATES                       ,2025-10-24,2025-10-22,KI,"10",SD11000000,"",,"0",2025-10-22,REMAN,SODISAP,"158"
"1211A9EB-E0B7-4D4E-9D68-F600B1D4E9A4","2005",2025-08-31,Fill Rate Agosto 2025,"08-Fill Rats 08-000751169-25M",MXN,1.0000,C,"5801011003","41590",13211.10,"9502",C001,2025-08-31,,REBATES                       ,2025-10-24,2025-10-22,KI,"10",SD11000000,"",,"0",2025-10-22,REMAN,SODISAP,"158"
"0A5E58FA-DB6B-4CA2-9979-FD4418426CC5","2005",2025-08-31,Fill Rate Agosto 2025,"08-Fill Rats 08-000751169-25M",MXN,1.0000,C,"1008030201","41590",2113.78,"9502",C001,2025-08-31,,REBATES                       ,2025-10-24,2025-10-22,KI,"10",SD11000000,"",,"0",2025-10-22,REMAN,SODISAP,"158"
"5A741592-EDFB-49BB-B902-6157D0FE45D6","2005",2025-08-31,Fill Rate Agosto 2025,"08-Fill Rats 08-000751169-25M",MXN,1.0000,D,"2001000001","64345",2031.44,"9502",C001,2025-08-31,,REBATES                       ,2025-10-24,2025-10-22,KI,"10",SD11000000,"",,"0",2025-10-22,REMAN,SODISAP,"158"
"947E42DF-97CD-44FB-866C-10D5705DDB95","2005",2025-08-31,Fill Rate Agosto 2025,"08-Fill Rats 08-000751169-25M",MXN,1.0000,C,"5801011003","64345",1751.24,"9502",C001,2025-08-31,,REBATES                       ,2025-10-24,2025-10-22,KI,"10",SD11000000,"",,"0",2025-10-22,REMAN,SODISAP,"158"
A28F6363-0BA5-4A1F-B634-B6BEFDB12C66,"2005",2025-08-31,Fill Rate Agosto 2025,"08-Fill Rats 08-000751169-25M",MXN,1.0000,C,"1008030201","64345",280.20,"9502",C001,2025-08-31,,REBATES                       ,2025-10-24,2025-10-22,KI,"10",SD11000000,"",,"0",2025-10-22,REMAN,SODISAP,"158"
"91C1268C-E968-4567-9C55-C4B32A4C6B43","2005",2025-08-31,Fill Rate Agosto 2025,"08-Fill Rats 08-000751169-25M",MXN,1.0000,D,"2001000001","80622",34164.38,"9502",C001,2025-08-31,,REBATES                       ,2025-10-24,2025-10-22,KI,"12",SD11000000,"",,"0",2025-10-22,REMAN,SODISAP,"158"
"118C74BB-0276-4077-B5DD-CEF62716F954","2005",2025-08-31,Fill Rate Agosto 2025,"08-Fill Rats 08-000751169-25M",MXN,1.0000,C,"5801011003","80622",29452.05,"9502",C001,2025-08-31,,REBATES                       ,2025-10-24,2025-10-22,KI,"12",SD11000000,"",,"0",2025-10-22,REMAN,SODISAP,"158"
B526AAE5-B1C9-44F2-93F5-4EC010E81D45,"2005",2025-08-31,Fill Rate Agosto 2025,"08-Fill Rats 08-000751169-25M",MXN,1.0000,C,"1008030201","80622",4712.33,"9502",C001,2025-08-31,,REBATES                       ,2025-10-24,2025-10-22,KI,"12",SD11000000,"",,"0",2025-10-22,REMAN,SODISAP,"158"
AC9E6E74-A822-466A-BD59-8DB0396C9304,"2005",2025-08-31,Fill Rate Agosto 2025,"08-Fill Rats 08-000751169-25M",MXN,1.0000,D,"2001000001","93021",7431.92,"9502",C001,2025-08-31,,REBATES                       ,2025-10-24,2025-10-22,KI,"12",SD11000000,"",,"0",2025-10-22,REMAN,SODISAP,"158"
"2D7ACBED-2476-4331-AEA0-D9744B442018","2005",2025-08-31,Fill Rate Agosto 2025,"08-Fill Rats 08-000751169-25M",MXN,1.0000,C,"5801011003","93021",6406.83,"9502",C001,2025-08-31,,REBATES                       ,2025-10-24,2025-10-22,KI,"12",SD11000000,"",,"0",2025-10-22,REMAN,SODISAP,"158"
"793EFEAA-CB83-45DC-8E35-824CA92A4E1F","2005",2025-08-31,Fill Rate Agosto 2025,"08-Fill Rats 08-000751169-25M",MXN,1.0000,C,"1008030201","93021",1025.09,"9502",C001,2025-08-31,,REBATES                       ,2025-10-24,2025-10-22,KI,"12",SD11000000,"",,"0",2025-10-22,REMAN,SODISAP,"158"
"736533D0-24CA-412C-9363-03A66810948B","2005",2025-08-31,Fill Rate Agosto 2025,"08-Fill Rats 08-000751169-25M",MXN,1.0000,D,"2001000001","96834",8139.72,"9502",C001,2025-08-31,,REBATES                       ,2025-10-24,2025-10-22,KI,"12",SD11000000,"",,"0",2025-10-22,REMAN,SODISAP,"158"
D0866551-C886-42DC-AD65-C3E90D38D623,"2005",2025-08-31,Fill Rate Agosto 2025,"08-Fill Rats 08-000751169-25M",MXN,1.0000,C,"5801011003","96834",7017.00,"9502",C001,2025-08-31,,REBATES                       ,2025-10-24,2025-10-22,KI,"12",SD11000000,"",,"0",2025-10-22,REMAN,SODISAP,"158"
"66B0FF5D-B0C5-4929-9CBD-7E8F9DE9D316","2005",2025-08-31,Fill Rate Agosto 2025,"08-Fill Rats 08-000751169-25M",MXN,1.0000,C,"1008030201","96834",1122.72,"9502",C001,2025-08-31,,REBATES                       ,2025-10-24,2025-10-22,KI,"12",SD11000000,"",,"0",2025-10-22,REMAN,SODISAP,"158"
C3BAD424-8B46-4B22-A4B6-463E8F1DFE4C,"2005",2025-08-31,Fill Rate Agosto 2025,"08-Fill Rats 08-000751169-25M",MXN,1.0000,D,"2001000001","147868",45279.06,"9502",C001,2025-08-31,,REBATES                       ,2025-10-24,2025-10-22,KI,"12",SD11000000,"",,"0",2025-10-22,REMAN,SODISAP,"158"
D428125A-9C7D-4CBF-94CA-01BDB69D222A,"2005",2025-08-31,Fill Rate Agosto 2025,"08-Fill Rats 08-000751169-25M",MXN,1.0000,C,"5801011003","147868",39033.68,"9502",C001,2025-08-31,,REBATES                       ,2025-10-24,2025-10-22,KI,"12",SD11000000,"",,"0",2025-10-22,REMAN,SODISAP,"158"
DFC29B6C-B6C4-4687-B2EC-1ADE68D07094,"2005",2025-08-31,Fill Rate Agosto 2025,"08-Fill Rats 08-000751169-25M",MXN,1.0000,C,"1008030201","147868",6245.38,"9502",C001,2025-08-31,,REBATES                       ,2025-10-24,2025-10-22,KI,"12",SD11000000,"",,"0",2025-10-22,REMAN,SODISAP,"158"
DC195B01-3378-44D6-82F4-D860F467F3B1,"2005",2025-08-31,Fill Rate Agosto 2025,"08-Fill Rats 08-000751169-25M",MXN,1.0000,D,"2001000001","163832",23664.59,"9502",C001,2025-08-31,,REBATES                       ,2025-10-24,2025-10-22,KI,"12",SD11000000,"",,"0",2025-10-22,REMAN,SODISAP,"158"
"8106F4CC-88C0-46F2-9663-087A21EF00A8","2005",2025-08-31,Fill Rate Agosto 2025,"08-Fill Rats 08-000751169-25M",MXN,1.0000,C,"5801011003","163832",20400.51,"9502",C001,2025-08-31,,REBATES                       ,2025-10-24,2025-10-22,KI,"12",SD11000000,"",,"0",2025-10-22,REMAN,SODISAP,"158"
"019C3CF5-68DC-451C-8379-301BE13AF041","2005",2025-08-31,Fill Rate Agosto 2025,"08-Fill Rats 08-000751169-25M",MXN,1.0000,C,"1008030201","163832",3264.08,"9502",C001,2025-08-31,,REBATES                       ,2025-10-24,2025-10-22,KI,"12",SD11000000,"",,"0",2025-10-22,REMAN,SODISAP,"158"
F5C31068-F753-4987-84A9-180E994205D4,"2005",2025-08-31,Fill Rate Agosto 2025,"08-Fill Rats 08-000751169-25M",MXN,1.0000,D,"2001000001","206466",940.78,"9502",C001,2025-08-31,,REBATES                       ,2025-10-24,2025-10-22,KI,"13",SD11000000,"",,"0",2025-10-22,REMAN,SODISAP,"158"
"70E9F5E2-55B3-49A9-BEB0-2DA5FB246FFD","2005",2025-08-31,Fill Rate Agosto 2025,"08-Fill Rats 08-000751169-25M",MXN,1.0000,C,"5801011003","206466",811.02,"9502",C001,2025-08-31,,REBATES                       ,2025-10-24,2025-10-22,KI,"13",SD11000000,"",,"0",2025-10-22,REMAN,SODISAP,"158"
D1BDEC85-099A-4CC3-8137-858A915C7C87,"2005",2025-08-31,Fill Rate Agosto 2025,"08-Fill Rats 08-000751169-25M",MXN,1.0000,C,"1008030201","206466",129.76,"9502",C001,2025-08-31,,REBATES                       ,2025-10-24,2025-10-22,KI,"13",SD11000000,"",,"0",2025-10-22,REMAN,SODISAP,"158"
"593BD388-897C-45A4-8D29-0C3BC1E1D2D7","2005",2025-08-31,Fill Rate Agosto 2025,"08-Fill Rats 08-000751169-25M",MXN,1.0000,D,"2001000001","207472",5894.61,"9502",C001,2025-08-31,,REBATES                       ,2025-10-24,2025-10-22,KI,"14",SD11000000,"",,"0",2025-10-22,REMAN,SODISAP,"158"
"244011DA-F7EE-4EFE-BC1E-B5076B6BC239","2005",2025-08-31,Fill Rate Agosto 2025,"08-Fill Rats 08-000751169-25M",MXN,1.0000,C,"5801011003","207472",5081.56,"9502",C001,2025-08-31,,REBATES                       ,2025-10-24,2025-10-22,KI,"14",SD11000000,"",,"0",2025-10-22,REMAN,SODISAP,"158"
"13334CE0-68DA-46B4-B798-4C54860CB0BF","2005",2025-08-31,Fill Rate Agosto 2025,"08-Fill Rats 08-000751169-25M",MXN,1.0000,C,"1008030201","207472",813.05,"9502",C001,2025-08-31,,REBATES                       ,2025-10-24,2025-10-22,KI,"14",SD11000000,"",,"0",2025-10-22,REMAN,SODISAP,"158"
"55378775-6796-49FB-9B9A-CD42E615963B","2005",2025-08-31,Fill Rate Agosto 2025,"08-Fill Rats 08-000751169-25M",MXN,1.0000,D,"2001000001","250053",5508.67,"9502",C001,2025-08-31,,REBATES                       ,2025-10-24,2025-10-22,KI,"14",SD11000000,"",,"0",2025-10-22,REMAN,SODISAP,"158"
"832B50BA-0A62-41E2-96C0-21C79E2284D0","2005",2025-08-31,Fill Rate Agosto 2025,"08-Fill Rats 08-000751169-25M",MXN,1.0000,C,"5801011003","250053",4748.85,"9502",C001,2025-08-31,,REBATES                       ,2025-10-24,2025-10-22,KI,"14",SD11000000,"",,"0",2025-10-22,REMAN,SODISAP,"158"
"20D82592-5ED2-485C-A38D-C8F3BD71CDE6","2005",2025-08-31,Fill Rate Agosto 2025,"08-Fill Rats 08-000751169-25M",MXN,1.0000,C,"1008030201","250053",759.82,"9502",C001,2025-08-31,,REBATES                       ,2025-10-24,2025-10-22,KI,"14",SD11000000,"",,"0",2025-10-22,REMAN,SODISAP,"158"
A9AA64AA-0538-4216-8132-B7BE17159EDC,"2005",2025-08-31,Fill Rate Agosto 2025,"08-Fill Rats 08-000751169-25M",MXN,1.0000,D,"2001000001","250058",3723.22,"9502",C001,2025-08-31,,REBATES                       ,2025-10-24,2025-10-22,KI,"15",SD11000000,"",,"0",2025-10-22,REMAN,SODISAP,"158"
C62926D5-ED34-424B-8003-E45961B45EF9,"2005",2025-08-31,Fill Rate Agosto 2025,"08-Fill Rats 08-000751169-25M",MXN,1.0000,C,"5801011003","250058",3209.67,"9502",C001,2025-08-31,,REBATES                       ,2025-10-24,2025-10-22,KI,"15",SD11000000,"",,"0",2025-10-22,REMAN,SODISAP,"158"
"35298AFD-3EBC-4CC9-953D-F6B51470F9FE","2005",2025-08-31,Fill Rate Agosto 2025,"08-Fill Rats 08-000751169-25M",MXN,1.0000,C,"1008030201","250058",513.55,"9502",C001,2025-08-31,,REBATES                       ,2025-10-24,2025-10-22,KI,"15",SD11000000,"",,"0",2025-10-22,REMAN,SODISAP,"158"
A2DF23BF-BEA6-4D57-8306-02C5D6BF796E,"2005",2025-08-31,Fill Rate Agosto 2025,"08-Fill Rats 08-000751169-25M",MXN,1.0000,D,"2001000001","250061",19816.51,"9502",C001,2025-08-31,,REBATES                       ,2025-10-24,2025-10-22,KI,"15",SD11000000,"",,"0",2025-10-22,REMAN,SODISAP,"158"
FDD52751-2D5F-4708-BC88-53BB1E026334,"2005",2025-08-31,Fill Rate Agosto 2025,"08-Fill Rats 08-000751169-25M",MXN,1.0000,C,"5801011003","250061",17083.20,"9502",C001,2025-08-31,,REBATES                       ,2025-10-24,2025-10-22,KI,"15",SD11000000,"",,"0",2025-10-22,REMAN,SODISAP,"158"
EAA329A0-035B-4084-A4BB-92BC01ECAB56,"2005",2025-08-31,Fill Rate Agosto 2025,"08-Fill Rats 08-000751169-25M",MXN,1.0000,C,"1008030201","250061",2733.31,"9502",C001,2025-08-31,,REBATES                       ,2025-10-24,2025-10-22,KI,"15",SD11000000,"",,"0",2025-10-22,REMAN,SODISAP,"158"
"16D7AD1F-89B5-46AD-8379-9A24E6EC62EE","2005",2025-08-31,Fill Rate Agosto 2025,"08-Fill Rats 08-000751169-25M",MXN,1.0000,D,"2001000001","250099",5251.61,"9502",C001,2025-08-31,,REBATES                       ,2025-10-24,2025-10-22,KI,"16",SD11000000,"",,"0",2025-10-22,REMAN,SODISAP,"158"
"4F984216-EB4C-468F-8FFD-9757D1901072","2005",2025-08-31,Fill Rate Agosto 2025,"08-Fill Rats 08-000751169-25M",MXN,1.0000,C,"5801011003","250099",4527.25,"9502",C001,2025-08-31,,REBATES                       ,2025-10-24,2025-10-22,KI,"16",SD11000000,"",,"0",2025-10-22,REMAN,SODISAP,"158"
"57643406-0D6C-460D-908B-77BA09F9B7D3","2005",2025-08-31,Fill Rate Agosto 2025,"08-Fill Rats 08-000751169-25M",MXN,1.0000,C,"1008030201","250099",724.36,"9502",C001,2025-08-31,,REBATES                       ,2025-10-24,2025-10-22,KI,"16",SD11000000,"",,"0",2025-10-22,REMAN,SODISAP,"158"
"7C8B162E-DA66-4327-97FD-E4173DBAE1A4","2005",2025-08-31,Fill Rate Agosto 2025,"08-Fill Rats 08-000751169-25M",MXN,1.0000,D,"2001000001","250127",30747.81,"9502",C001,2025-08-31,,REBATES                       ,2025-10-24,2025-10-22,KI,"19",SD11000000,"",,"0",2025-10-22,REMAN,SODISAP,"158"
"7914E264-CF32-46B2-918C-67721679495A","2005",2025-08-31,Fill Rate Agosto 2025,"08-Fill Rats 08-000751169-25M",MXN,1.0000,C,"5801011003","250127",26506.73,"9502",C001,2025-08-31,,REBATES                       ,2025-10-24,2025-10-22,KI,"19",SD11000000,"",,"0",2025-10-22,REMAN,SODISAP,"158"
"710E4EE7-9462-40E0-A602-24324A917ADC","2005",2025-08-31,Fill Rate Agosto 2025,"08-Fill Rats 08-000751169-25M",MXN,1.0000,C,"1008030201","250127",4241.08,"9502",C001,2025-08-31,,REBATES                       ,2025-10-24,2025-10-22,KI,"19",SD11000000,"",,"0",2025-10-22,REMAN,SODISAP,"158"
"8B9C1A47-4D4B-4B53-8583-F49F160D3186","2005",2025-08-31,Fill Rate Agosto 2025,"08-Fill Rats 08-000751169-25M",MXN,1.0000,D,"2001000001","250132",18149.67,"9502",C001,2025-08-31,,REBATES                       ,2025-10-24,2025-10-22,KI,"19",SD11000000,"",,"0",2025-10-22,REMAN,SODISAP,"158"
D35A2A61-59ED-43E7-A84C-8541A46E45BD,"2005",2025-08-31,Fill Rate Agosto 2025,"08-Fill Rats 08-000751169-25M",MXN,1.0000,C,"5801011003","250132",15646.27,"9502",C001,2025-08-31,,REBATES                       ,2025-10-24,2025-10-22,KI,"19",SD11000000,"",,"0",2025-10-22,REMAN,SODISAP,"158"
B81CB5CE-BA88-4615-8BF1-A1790C827C1D,"2005",2025-08-31,Fill Rate Agosto 2025,"08-Fill Rats 08-000751169-25M",MXN,1.0000,C,"1008030201","250132",2503.40,"9502",C001,2025-08-31,,REBATES                       ,2025-10-24,2025-10-22,KI,"19",SD11000000,"",,"0",2025-10-22,REMAN,SODISAP,"158"
"787F3A04-5704-4C03-9222-5D2A512852E0","2005",2025-08-31,Fill Rate Agosto 2025,"08-Fill Rats 08-000751169-25M",MXN,1.0000,D,"2001000001","250152",741.89,"9502",C001,2025-08-31,,REBATES                       ,2025-10-24,2025-10-22,KI,"19",SD11000000,"",,"0",2025-10-22,REMAN,SODISAP,"158"
"3F6AEAFC-D466-482F-AEE1-14857116B337","2005",2025-08-31,Fill Rate Agosto 2025,"08-Fill Rats 08-000751169-25M",MXN,1.0000,C,"5801011003","250152",639.56,"9502",C001,2025-08-31,,REBATES                       ,2025-10-24,2025-10-22,KI,"19",SD11000000,"",,"0",2025-10-22,REMAN,SODISAP,"158"
"3EE03902-67E5-4A2C-8E66-0A5A79BC2013","2005",2025-08-31,Fill Rate Agosto 2025,"08-Fill Rats 08-000751169-25M",MXN,1.0000,C,"1008030201","250152",102.33,"9502",C001,2025-08-31,,REBATES                       ,2025-10-24,2025-10-22,KI,"19",SD11000000,"",,"0",2025-10-22,REMAN,SODISAP,"158"
F8AE9316-7A40-4127-ABFF-80DB42CDCF1D,"2005",2025-08-31,Fill Rate Agosto 2025,"08-Fill Rats 08-000751169-25M",MXN,1.0000,D,"2001000001","250193",4106.61,"9502",C001,2025-08-31,,REBATES                       ,2025-10-24,2025-10-22,KI,"20",SD11000000,"",,"0",2025-10-22,REMAN,SODISAP,"158"
C81DCCDE-EC44-4850-B079-D7A3A7F82A57,"2005",2025-08-31,Fill Rate Agosto 2025,"08-Fill Rats 08-000751169-25M",MXN,1.0000,C,"5801011003","250193",3540.18,"9502",C001,2025-08-31,,REBATES                       ,2025-10-24,2025-10-22,KI,"20",SD11000000,"",,"0",2025-10-22,REMAN,SODISAP,"158"
"8ABBB92A-779E-4207-BB46-27924C46ADD3","2005",2025-08-31,Fill Rate Agosto 2025,"08-Fill Rats 08-000751169-25M",MXN,1.0000,C,"1008030201","250193",566.43,"9502",C001,2025-08-31,,REBATES                       ,2025-10-24,2025-10-22,KI,"20",SD11000000,"",,"0",2025-10-22,REMAN,SODISAP,"158"
FB83F972-F5A5-42C2-887D-EA25D5AB7FBC,"2005",2025-08-31,Fill Rate Agosto 2025,"08-Fill Rats 08-000751169-25M",MXN,1.0000,D,"2001000001","250250",18089.16,"9502",C001,2025-08-31,,REBATES                       ,2025-10-24,2025-10-22,KI,"20",SD11000000,"",,"0",2025-10-22,REMAN,SODISAP,"158"
E2BB7554-90B5-4CDC-BC49-44AC6FD87264,"2005",2025-08-31,Fill Rate Agosto 2025,"08-Fill Rats 08-000751169-25M",MXN,1.0000,C,"5801011003","250250",15594.11,"9502",C001,2025-08-31,,REBATES                       ,2025-10-24,2025-10-22,KI,"20",SD11000000,"",,"0",2025-10-22,REMAN,SODISAP,"158"
"49F5972C-DAA3-4BF9-A780-0077D38A3D4F","2005",2025-08-31,Fill Rate Agosto 2025,"08-Fill Rats 08-000751169-25M",MXN,1.0000,C,"1008030201","250250",2495.05,"9502",C001,2025-08-31,,REBATES                       ,2025-10-24,2025-10-22,KI,"20",SD11000000,"",,"0",2025-10-22,REMAN,SODISAP,"158"
"19442897-BCA4-434A-AC59-32580223C0AC","2005",2025-08-31,Fill Rate Agosto 2025,"08-Fill Rats 08-000751169-25M",MXN,1.0000,D,"2001000001","250259",23516.99,"9502",C001,2025-08-31,,REBATES                       ,2025-10-24,2025-10-22,KI,"20",SD11000000,"",,"0",2025-10-22,REMAN,SODISAP,"158"
"3576338F-E19C-4F9E-8F44-999F04A922D5","2005",2025-08-31,Fill Rate Agosto 2025,"08-Fill Rats 08-000751169-25M",MXN,1.0000,C,"5801011003","250259",20273.27,"9502",C001,2025-08-31,,REBATES                       ,2025-10-24,2025-10-22,KI,"20",SD11000000,"",,"0",2025-10-22,REMAN,SODISAP,"158"
F1DEFA92-63D7-4038-B4BA-3A5C0966462E,"2005",2025-08-31,Fill Rate Agosto 2025,"08-Fill Rats 08-000751169-25M",MXN,1.0000,C,"1008030201","250259",3243.72,"9502",C001,2025-08-31,,REBATES                       ,2025-10-24,2025-10-22,KI,"20",SD11000000,"",,"0",2025-10-22,REMAN,SODISAP,"158"
"1B1CCC0C-8817-4B22-8433-A72F7FBF4690","2005",2025-08-31,Fill Rate Agosto 2025,"08-Fill Rats 08-000751169-25M",MXN,1.0000,D,"2001000001","250270",7218.20,"9502",C001,2025-08-31,,REBATES                       ,2025-10-24,2025-10-22,KI,"21",SD11000000,"",,"0",2025-10-22,REMAN,SODISAP,"158"
A157A9EE-C6D1-483C-958E-A65A54089AE5,"2005",2025-08-31,Fill Rate Agosto 2025,"08-Fill Rats 08-000751169-25M",MXN,1.0000,C,"5801011003","250270",6222.59,"9502",C001,2025-08-31,,REBATES                       ,2025-10-24,2025-10-22,KI,"21",SD11000000,"",,"0",2025-10-22,REMAN,SODISAP,"158"
B51C8F33-D98C-417E-B1A5-020BB76D339B,"2005",2025-08-31,Fill Rate Agosto 2025,"08-Fill Rats 08-000751169-25M",MXN,1.0000,C,"1008030201","250270",995.61,"9502",C001,2025-08-31,,REBATES                       ,2025-10-24,2025-10-22,KI,"21",SD11000000,"",,"0",2025-10-22,REMAN,SODISAP,"158"
"7515531D-626B-4F8A-8BC8-C07BF9479C2C","2005",2025-08-31,Fill Rate Agosto 2025,"08-Fill Rats 08-000751169-25M",MXN,1.0000,D,"2001000001","250286",359.69,"9502",C001,2025-08-31,,REBATES                       ,2025-10-24,2025-10-22,KI,"23",SD11000000,"",,"0",2025-10-22,REMAN,SODISAP,"158"
"61576F72-8C37-4451-94A5-257DF4CA5BC3","2005",2025-08-31,Fill Rate Agosto 2025,"08-Fill Rats 08-000751169-25M",MXN,1.0000,C,"5801011003","250286",310.08,"9502",C001,2025-08-31,,REBATES                       ,2025-10-24,2025-10-22,KI,"23",SD11000000,"",,"0",2025-10-22,REMAN,SODISAP,"158"
"85A13E35-360F-4DCD-A000-0FB345B9753E","2005",2025-08-31,Fill Rate Agosto 2025,"08-Fill Rats 08-000751169-25M",MXN,1.0000,C,"1008030201","250286",49.61,"9502",C001,2025-08-31,,REBATES                       ,2025-10-24,2025-10-22,KI,"23",SD11000000,"",,"0",2025-10-22,REMAN,SODISAP,"158"
"0449DB29-871A-49C7-8F01-242AD40C21DC","2005",2025-08-31,Fill Rate Agosto 2025,"08-Fill Rats 08-000751169-25M",MXN,1.0000,D,"2001000001","250298",1113.60,"9502",C001,2025-08-31,,REBATES                       ,2025-10-24,2025-10-22,KI,"23",SD11000000,"",,"0",2025-10-22,REMAN,SODISAP,"158"
"265E7001-EFFC-43B7-A099-6D94379BCE21","2005",2025-08-31,Fill Rate Agosto 2025,"08-Fill Rats 08-000751169-25M",MXN,1.0000,C,"5801011003","250298",960.00,"9502",C001,2025-08-31,,REBATES                       ,2025-10-24,2025-10-22,KI,"23",SD11000000,"",,"0",2025-10-22,REMAN,SODISAP,"158"
B1F8E62C-D4A0-4897-8FB4-94756738B461,"2005",2025-08-31,Fill Rate Agosto 2025,"08-Fill Rats 08-000751169-25M",MXN,1.0000,C,"1008030201","250298",153.60,"9502",C001,2025-08-31,,REBATES                       ,2025-10-24,2025-10-22,KI,"23",SD11000000,"",,"0",2025-10-22,REMAN,SODISAP,"158"
"93A51C29-4FE0-46FC-8F9A-55E8181D8035","2005",2025-08-31,Fill Rate Agosto 2025,"08-Fill Rats 08-000751169-25M",MXN,1.0000,D,"2001000001","250306",221.94,"9502",C001,2025-08-31,,REBATES                       ,2025-10-24,2025-10-22,KI,"24",SD11000000,"",,"0",2025-10-22,REMAN,SODISAP,"158"
"777ABB48-2F0F-469B-AA07-998A1909D83C","2005",2025-08-31,Fill Rate Agosto 2025,"08-Fill Rats 08-000751169-25M",MXN,1.0000,C,"5801011003","250306",191.33,"9502",C001,2025-08-31,,REBATES                       ,2025-10-24,2025-10-22,KI,"24",SD11000000,"",,"0",2025-10-22,REMAN,SODISAP,"158"
BD1D99C6-F90F-43C2-99AC-7596B364D131,"2005",2025-08-31,Fill Rate Agosto 2025,"08-Fill Rats 08-000751169-25M",MXN,1.0000,C,"1008030201","250306",30.61,"9502",C001,2025-08-31,,REBATES                       ,2025-10-24,2025-10-22,KI,"24",SD11000000,"",,"0",2025-10-22,REMAN,SODISAP,"158"
CCA7AE62-586C-41BA-A0F7-34E51A517AB1,"2005",2025-08-31,Fill Rate Agosto 2025,"08-Fill Rats 08-000751169-25M",MXN,1.0000,D,"2001000001","250313",1714.29,"9502",C001,2025-08-31,,REBATES                       ,2025-10-24,2025-10-22,KI,"25",SD11000000,"",,"0",2025-10-22,REMAN,SODISAP,"158"
A346272B-020D-46CE-AECE-6F83EEAD7DD4,"2005",2025-08-31,Fill Rate Agosto 2025,"08-Fill Rats 08-000751169-25M",MXN,1.0000,C,"5801011003","250313",1477.84,"9502",C001,2025-08-31,,REBATES                       ,2025-10-24,2025-10-22,KI,"25",SD11000000,"",,"0",2025-10-22,REMAN,SODISAP,"158"
"537B5DBC-1533-4A99-8B20-D0C641EF4E5D","2005",2025-08-31,Fill Rate Agosto 2025,"08-Fill Rats 08-000751169-25M",MXN,1.0000,C,"1008030201","250313",236.45,"9502",C001,2025-08-31,,REBATES                       ,2025-10-24,2025-10-22,KI,"25",SD11000000,"",,"0",2025-10-22,REMAN,SODISAP,"158"
"74122068-BE53-432C-BE91-6ACDD43F4DA9","2005",2025-08-31,Fill Rate Agosto 2025,"08-Fill Rats 08-000751169-25M",MXN,1.0000,D,"2001000001","251171",1343.88,"9502",C001,2025-08-31,,REBATES                       ,2025-10-24,2025-10-22,KI,"26",SD11000000,"",,"0",2025-10-22,REMAN,SODISAP,"158"
"4AC2889A-DAC9-447B-A043-239C4459DB6B","2005",2025-08-31,Fill Rate Agosto 2025,"08-Fill Rats 08-000751169-25M",MXN,1.0000,C,"5801011003","251171",1158.52,"9502",C001,2025-08-31,,REBATES                       ,2025-10-24,2025-10-22,KI,"26",SD11000000,"",,"0",2025-10-22,REMAN,SODISAP,"158"
"6DCB9F39-C87A-44F5-8900-22B39DB54755","2005",2025-08-31,Fill Rate Agosto 2025,"08-Fill Rats 08-000751169-25M",MXN,1.0000,C,"1008030201","251171",185.36,"9502",C001,2025-08-31,,REBATES                       ,2025-10-24,2025-10-22,KI,"26",SD11000000,"",,"0",2025-10-22,REMAN,SODISAP,"158"
"538308E1-FA2A-45DD-B732-884C86B31D3D","2005",2025-08-31,Fill Rate Agosto 2025,"08-Fill Rats 08-000751169-25M",MXN,1.0000,D,"2001000001","251176",2585.58,"9502",C001,2025-08-31,,REBATES                       ,2025-10-24,2025-10-22,KI,"27",SD11000000,"",,"0",2025-10-22,REMAN,SODISAP,"158"
"3DB75809-5BB0-4EC7-A57E-5631AABDCE1F","2005",2025-08-31,Fill Rate Agosto 2025,"08-Fill Rats 08-000751169-25M",MXN,1.0000,C,"5801011003","251176",2228.95,"9502",C001,2025-08-31,,REBATES                       ,2025-10-24,2025-10-22,KI,"27",SD11000000,"",,"0",2025-10-22,REMAN,SODISAP,"158"
A0B12632-53B4-4505-8AD0-5E101C50963C,"2005",2025-08-31,Fill Rate Agosto 2025,"08-Fill Rats 08-000751169-25M",MXN,1.0000,C,"1008030201","251176",356.63,"9502",C001,2025-08-31,,REBATES                       ,2025-10-24,2025-10-22,KI,"27",SD11000000,"",,"0",2025-10-22,REMAN,SODISAP,"158"
"4F8A91D4-DE7A-47F4-8895-A8A5B0FED4F0","2005",2025-08-31,Fill Rate Agosto 2025,"08-Fill Rats 08-000751169-25M",MXN,1.0000,D,"2001000001","251203",854.77,"9502",C001,2025-08-31,,REBATES                       ,2025-10-24,2025-10-22,KI,"28",SD11000000,"",,"0",2025-10-22,REMAN,SODISAP,"158"
"84EA3851-CDDC-4E03-9599-03AECB75A782","2005",2025-08-31,Fill Rate Agosto 2025,"08-Fill Rats 08-000751169-25M",MXN,1.0000,C,"5801011003","251203",736.87,"9502",C001,2025-08-31,,REBATES                       ,2025-10-24,2025-10-22,KI,"28",SD11000000,"",,"0",2025-10-22,REMAN,SODISAP,"158"
"8D5991B0-45B2-43A2-9DA7-142B8657963C","2005",2025-08-31,Fill Rate Agosto 2025,"08-Fill Rats 08-000751169-25M",MXN,1.0000,C,"1008030201","251203",117.90,"9502",C001,2025-08-31,,REBATES                       ,2025-10-24,2025-10-22,KI,"28",SD11000000,"",,"0",2025-10-22,REMAN,SODISAP,"158"
DA4A42AE-0DDF-4C0F-9C4C-34A5BDEA9143,"2005",2025-08-31,Fill Rate Agosto 2025,"08-Fill Rats 08-000751169-25M",MXN,1.0000,D,"2001000001","251453",381.18,"9502",C001,2025-08-31,,REBATES                       ,2025-10-24,2025-10-22,KI,"28",SD11000000,"",,"0",2025-10-22,REMAN,SODISAP,"158"
"5ABF864B-92C0-452D-AB84-67C43F72EF0E","2005",2025-08-31,Fill Rate Agosto 2025,"08-Fill Rats 08-000751169-25M",MXN,1.0000,C,"5801011003","251453",328.60,"9502",C001,2025-08-31,,REBATES                       ,2025-10-24,2025-10-22,KI,"28",SD11000000,"",,"0",2025-10-22,REMAN,SODISAP,"158"
"6432FE26-323F-467D-9AA0-4BC95562A789","2005",2025-08-31,Fill Rate Agosto 2025,"08-Fill Rats 08-000751169-25M",MXN,1.0000,C,"1008030201","251453",52.58,"9502",C001,2025-08-31,,REBATES                       ,2025-10-24,2025-10-22,KI,"28",SD11000000,"",,"0",2025-10-22,REMAN,SODISAP,"158"
"94B3A19F-5F84-4E0F-B983-8CBB9AC1C462","2005",2025-08-31,Fill Rate Agosto 2025,"08-Fill Rats 08-000751169-25M",MXN,1.0000,D,"2001000001","251552",55.49,"9502",C001,2025-08-31,,REBATES                       ,2025-10-24,2025-10-22,KI,"29",SD11000000,"",,"0",2025-10-22,REMAN,SODISAP,"158"
"12C59F77-9403-48A5-AFB0-03BD8C5C1664","2005",2025-08-31,Fill Rate Agosto 2025,"08-Fill Rats 08-000751169-25M",MXN,1.0000,C,"5801011003","251552",47.83,"9502",C001,2025-08-31,,REBATES                       ,2025-10-24,2025-10-22,KI,"29",SD11000000,"",,"0",2025-10-22,REMAN,SODISAP,"158"
A7D79E97-B2B9-4A76-928B-337195A66CD3,"2005",2025-08-31,Fill Rate Agosto 2025,"08-Fill Rats 08-000751169-25M",MXN,1.0000,C,"1008030201","251552",7.66,"9502",C001,2025-08-31,,REBATES                       ,2025-10-24,2025-10-22,KI,"29",SD11000000,"",,"0",2025-10-22,REMAN,SODISAP,"158"
D27A2E96-0B36-4D7F-A320-A8F3434B1D63,"2005",2025-08-31,Fill Rate Agosto 2025,"08-Fill Rats 08-000751169-25M",MXN,1.0000,D,"2001000001","251558",203.68,"9502",C001,2025-08-31,,REBATES                       ,2025-10-24,2025-10-22,KI,"30",SD11000000,"",,"0",2025-10-22,REMAN,SODISAP,"158"
CEA9E9C1-5E78-4DE0-A991-37C143A5FE05,"2005",2025-08-31,Fill Rate Agosto 2025,"08-Fill Rats 08-000751169-25M",MXN,1.0000,C,"5801011003","251558",175.59,"9502",C001,2025-08-31,,REBATES                       ,2025-10-24,2025-10-22,KI,"30",SD11000000,"",,"0",2025-10-22,REMAN,SODISAP,"158"
A25B8327-E758-491A-92FA-9C3AC6315CE8,"2005",2025-08-31,Fill Rate Agosto 2025,"08-Fill Rats 08-000751169-25M",MXN,1.0000,C,"1008030201","251558",28.09,"9502",C001,2025-08-31,,REBATES                       ,2025-10-24,2025-10-22,KI,"30",SD11000000,"",,"0",2025-10-22,REMAN,SODISAP,"158"
"031FB1AC-9723-4431-BAA2-90A5A8C60265","2005",2025-08-31,Fill Rate Agosto 2025,"08-Fill Rats 08-000751169-25M",MXN,1.0000,D,"2001000001","251607",120.73,"9502",C001,2025-08-31,,REBATES                       ,2025-10-24,2025-10-22,KI,"30",SD11000000,"",,"0",2025-10-22,REMAN,SODISAP,"158"
"4A574987-F1D5-4E1B-8785-1B0E9137362B","2005",2025-08-31,Fill Rate Agosto 2025,"08-Fill Rats 08-000751169-25M",MXN,1.0000,C,"5801011003","251607",104.08,"9502",C001,2025-08-31,,REBATES                       ,2025-10-24,2025-10-22,KI,"30",SD11000000,"",,"0",2025-10-22,REMAN,SODISAP,"158"
"92ADB85E-5C5A-44E7-85A3-F2FA84561D45","2005",2025-08-31,Fill Rate Agosto 2025,"08-Fill Rats 08-000751169-25M",MXN,1.0000,C,"1008030201","251607",16.65,"9502",C001,2025-08-31,,REBATES                       ,2025-10-24,2025-10-22,KI,"30",SD11000000,"",,"0",2025-10-22,REMAN,SODISAP,"158"
D73F7B6C-A842-4F01-B35E-ED6FBE161E1E,"2005",2025-08-31,Fill Rate Agosto 2025,"08-Fill Rats 08-000751169-25M",MXN,1.0000,D,"2001000001","251631",33.41,"9502",C001,2025-08-31,,REBATES                       ,2025-10-24,2025-10-22,KI,"30",SD11000000,"",,"0",2025-10-22,REMAN,SODISAP,"158"
"4929FCA0-B049-4E6C-A87F-AC0F460DBF65","2005",2025-08-31,Fill Rate Agosto 2025,"08-Fill Rats 08-000751169-25M",MXN,1.0000,C,"5801011003","251631",28.80,"9502",C001,2025-08-31,,REBATES                       ,2025-10-24,2025-10-22,KI,"30",SD11000000,"",,"0",2025-10-22,REMAN,SODISAP,"158"
B423397A-EA8F-4E0A-B02A-DB74AF950F42,"2005",2025-08-31,Fill Rate Agosto 2025,"08-Fill Rats 08-000751169-25M",MXN,1.0000,C,"1008030201","251631",4.61,"9502",C001,2025-08-31,,REBATES                       ,2025-10-24,2025-10-22,KI,"30",SD11000000,"",,"0",2025-10-22,REMAN,SODISAP,"158"
"6DB7E9EA-9125-43A2-A872-9CF1C61F74D7","2005",2025-08-31,Fill Rate Agosto 2025,"08-Fill Rats 08-000751169-25M",MXN,1.0000,D,"2001000001","251783",61601.39,"9502",C001,2025-08-31,,REBATES                       ,2025-10-24,2025-10-22,KI,"32",SD11000000,"",,"0",2025-10-22,REMAN,SODISAP,"158"
"551E30B0-BD01-4328-87B3-77315EBE21F0","2005",2025-08-31,Fill Rate Agosto 2025,"08-Fill Rats 08-000751169-25M",MXN,1.0000,C,"5801011003","251783",53104.65,"9502",C001,2025-08-31,,REBATES                       ,2025-10-24,2025-10-22,KI,"32",SD11000000,"",,"0",2025-10-22,REMAN,SODISAP,"158"
D7C5E370-6163-4BBB-B5A0-2D48D6554A33,"2005",2025-08-31,Fill Rate Agosto 2025,"08-Fill Rats 08-000751169-25M",MXN,1.0000,C,"1008030201","251783",8496.74,"9502",C001,2025-08-31,,REBATES                       ,2025-10-24,2025-10-22,KI,"32",SD11000000,"",,"0",2025-10-22,REMAN,SODISAP,"158"
"79FA1716-2A10-4F4B-9F03-DA8B51AC8323","2005",2025-08-31,Fill Rate Agosto 2025,"08-Fill Rats 08-000751169-25M",MXN,1.0000,D,"2001000001","251806",2101.92,"9502",C001,2025-08-31,,REBATES                       ,2025-10-24,2025-10-22,KI,"32",SD11000000,"",,"0",2025-10-22,REMAN,SODISAP,"158"
A5E8A492-6E9C-4997-93FF-A8806283D55E,"2005",2025-08-31,Fill Rate Agosto 2025,"08-Fill Rats 08-000751169-25M",MXN,1.0000,C,"5801011003","251806",1812.00,"9502",C001,2025-08-31,,REBATES                       ,2025-10-24,2025-10-22,KI,"32",SD11000000,"",,"0",2025-10-22,REMAN,SODISAP,"158"
"38324D65-ADEA-48F6-8F58-088798223FB3","2005",2025-08-31,Fill Rate Agosto 2025,"08-Fill Rats 08-000751169-25M",MXN,1.0000,C,"1008030201","251806",289.92,"9502",C001,2025-08-31,,REBATES                       ,2025-10-24,2025-10-22,KI,"32",SD11000000,"",,"0",2025-10-22,REMAN,SODISAP,"158"
"3B58BEAA-9A6F-4440-8E83-3611FDB592C9","2005",2025-08-31,Fill Rate Agosto 2025,"08-Fill Rats 08-000751169-25M",MXN,1.0000,D,"2001000001","251815",941.19,"9502",C001,2025-08-31,,REBATES                       ,2025-10-24,2025-10-22,KI,"33",SD11000000,"",,"0",2025-10-22,REMAN,SODISAP,"158"
"26E95949-EAEC-4136-BF30-9EB1CEF53EE2","2005",2025-08-31,Fill Rate Agosto 2025,"08-Fill Rats 08-000751169-25M",MXN,1.0000,C,"5801011003","251815",811.37,"9502",C001,2025-08-31,,REBATES                       ,2025-10-24,2025-10-22,KI,"33",SD11000000,"",,"0",2025-10-22,REMAN,SODISAP,"158"
"6540E79F-6A39-47B8-88EA-C357F51E5D00","2005",2025-08-31,Fill Rate Agosto 2025,"08-Fill Rats 08-000751169-25M",MXN,1.0000,C,"1008030201","251815",129.82,"9502",C001,2025-08-31,,REBATES                       ,2025-10-24,2025-10-22,KI,"33",SD11000000,"",,"0",2025-10-22,REMAN,SODISAP,"158"
FCCE04EE-A1A2-4313-B0D8-EFBE4CAFA685,"2005",2025-08-31,Fill Rate Agosto 2025,"08-Fill Rats 08-000751169-25M",MXN,1.0000,D,"2001000001","251831",411.70,"9502",C001,2025-08-31,,REBATES                       ,2025-10-24,2025-10-22,KI,"34",SD11000000,"",,"0",2025-10-22,REMAN,SODISAP,"158"
"1B7C52FA-EFDA-4CCF-BE5D-46016AE3C488","2005",2025-08-31,Fill Rate Agosto 2025,"08-Fill Rats 08-000751169-25M",MXN,1.0000,C,"5801011003","251831",354.91,"9502",C001,2025-08-31,,REBATES                       ,2025-10-24,2025-10-22,KI,"34",SD11000000,"",,"0",2025-10-22,REMAN,SODISAP,"158"
"7CF595A2-964D-4A8B-9C90-1E8F5A01D42B","2005",2025-08-31,Fill Rate Agosto 2025,"08-Fill Rats 08-000751169-25M",MXN,1.0000,C,"1008030201","251831",56.79,"9502",C001,2025-08-31,,REBATES                       ,2025-10-24,2025-10-22,KI,"34",SD11000000,"",,"0",2025-10-22,REMAN,SODISAP,"158"
"33C0623A-9735-40A3-A22B-ABB71B3DA241","2005",2025-08-31,Fill Rate Agosto 2025,"08-Fill Rats 08-000751169-25M",MXN,1.0000,D,"2001000001","251889",11123.65,"9502",C001,2025-08-31,,REBATES                       ,2025-10-24,2025-10-22,KI,"35",SD11000000,"",,"0",2025-10-22,REMAN,SODISAP,"158"
"7E974EAD-1247-418A-988F-F39BA79CD171","2005",2025-08-31,Fill Rate Agosto 2025,"08-Fill Rats 08-000751169-25M",MXN,1.0000,C,"5801011003","251889",9589.35,"9502",C001,2025-08-31,,REBATES                       ,2025-10-24,2025-10-22,KI,"35",SD11000000,"",,"0",2025-10-22,REMAN,SODISAP,"158"
"863A328F-1F82-4514-977F-D09D8067F0C3","2005",2025-08-31,Fill Rate Agosto 2025,"08-Fill Rats 08-000751169-25M",MXN,1.0000,C,"1008030201","251889",1534.30,"9502",C001,2025-08-31,,REBATES                       ,2025-10-24,2025-10-22,KI,"35",SD11000000,"",,"0",2025-10-22,REMAN,SODISAP,"158"
C579CB58-48E2-4FFF-909E-43F83677FD38,"2005",2025-08-31,Fill Rate Agosto 2025,"08-Fill Rats 08-000751169-25M",MXN,1.0000,D,"2001000001","251917",16858.94,"9502",C001,2025-08-31,,REBATES                       ,2025-10-24,2025-10-22,KI,"35",SD11000000,"",,"0",2025-10-22,REMAN,SODISAP,"158"
"6502C790-BFC2-4CAB-9AFE-3A204F402E0D","2005",2025-08-31,Fill Rate Agosto 2025,"08-Fill Rats 08-000751169-25M",MXN,1.0000,C,"5801011003","251917",14533.57,"9502",C001,2025-08-31,,REBATES                       ,2025-10-24,2025-10-22,KI,"35",SD11000000,"",,"0",2025-10-22,REMAN,SODISAP,"158"
"63CFBDA8-3C35-41D8-BEB7-E054898BCED4","2005",2025-08-31,Fill Rate Agosto 2025,"08-Fill Rats 08-000751169-25M",MXN,1.0000,C,"1008030201","251917",2325.37,"9502",C001,2025-08-31,,REBATES                       ,2025-10-24,2025-10-22,KI,"35",SD11000000,"",,"0",2025-10-22,REMAN,SODISAP,"158"
"5015D10B-3671-440A-93D6-FED9C932AB29","2005",2025-08-31,Fill Rate Agosto 2025,"08-Fill Rats 08-000751169-25M",MXN,1.0000,D,"2001000001","251950",3103.89,"9502",C001,2025-08-31,,REBATES                       ,2025-10-24,2025-10-22,KI,"38",SD11000000,"",,"0",2025-10-22,REMAN,SODISAP,"158"
"712033B1-9A23-4F42-BDE7-FED481C0E98A","2005",2025-08-31,Fill Rate Agosto 2025,"08-Fill Rats 08-000751169-25M",MXN,1.0000,C,"5801011003","251950",2675.77,"9502",C001,2025-08-31,,REBATES                       ,2025-10-24,2025-10-22,KI,"38",SD11000000,"",,"0",2025-10-22,REMAN,SODISAP,"158"
EC129809-45FE-4F52-92F4-C59750A0BEE5,"2005",2025-08-31,Fill Rate Agosto 2025,"08-Fill Rats 08-000751169-25M",MXN,1.0000,C,"1008030201","251950",428.12,"9502",C001,2025-08-31,,REBATES                       ,2025-10-24,2025-10-22,KI,"38",SD11000000,"",,"0",2025-10-22,REMAN,SODISAP,"158"
"450B1D0D-077D-4E3E-BEB5-6367D8F89395","2005",2025-08-31,Fill Rate Agosto 2025,"08-Fill Rats 08-000751169-25M",MXN,1.0000,D,"2001000001","251961",96.74,"9502",C001,2025-08-31,,REBATES                       ,2025-10-24,2025-10-22,KI,"38",SD11000000,"",,"0",2025-10-22,REMAN,SODISAP,"158"
CE7D321D-66B6-40DB-9785-F29B76801F2A,"2005",2025-08-31,Fill Rate Agosto 2025,"08-Fill Rats 08-000751169-25M",MXN,1.0000,C,"5801011003","251961",83.40,"9502",C001,2025-08-31,,REBATES                       ,2025-10-24,2025-10-22,KI,"38",SD11000000,"",,"0",2025-10-22,REMAN,SODISAP,"158"
F7E96B97-9101-451E-9300-6EB8E1BAE8CC,"2005",2025-08-31,Fill Rate Agosto 2025,"08-Fill Rats 08-000751169-25M",MXN,1.0000,C,"1008030201","251961",13.34,"9502",C001,2025-08-31,,REBATES                       ,2025-10-24,2025-10-22,KI,"38",SD11000000,"",,"0",2025-10-22,REMAN,SODISAP,"158"
C9D841D0-47A7-489A-84F9-0C3EB99FCE9B,"2005",2025-08-31,Fill Rate Agosto 2025,"08-Fill Rats 08-000751169-25M",MXN,1.0000,D,"2001000001","252064",29118.70,"9502",C001,2025-08-31,,REBATES                       ,2025-10-24,2025-10-22,KI,"39",SD11000000,"",,"0",2025-10-22,REMAN,SODISAP,"158"
"521E9031-8747-4AC1-9097-11A4193A2007","2005",2025-08-31,Fill Rate Agosto 2025,"08-Fill Rats 08-000751169-25M",MXN,1.0000,C,"5801011003","252064",25102.33,"9502",C001,2025-08-31,,REBATES                       ,2025-10-24,2025-10-22,KI,"39",SD11000000,"",,"0",2025-10-22,REMAN,SODISAP,"158"
"450BF20D-F973-4267-A211-2DEB479A9606","2005",2025-08-31,Fill Rate Agosto 2025,"08-Fill Rats 08-000751169-25M",MXN,1.0000,C,"1008030201","252064",4016.37,"9502",C001,2025-08-31,,REBATES                       ,2025-10-24,2025-10-22,KI,"39",SD11000000,"",,"0",2025-10-22,REMAN,SODISAP,"158"
"1E281F50-3687-401C-AED7-DCDFA19893E1","2005",2025-08-31,Fill Rate Agosto 2025,"08-Fill Rats 08-000751169-25M",MXN,1.0000,D,"2001000001","252081",11291.88,"9502",C001,2025-08-31,,REBATES                       ,2025-10-24,2025-10-22,KI,"40",SD11000000,"",,"0",2025-10-22,REMAN,SODISAP,"158"
D7EB94A8-48C2-4036-98DD-3A6CFC77CC43,"2005",2025-08-31,Fill Rate Agosto 2025,"08-Fill Rats 08-000751169-25M",MXN,1.0000,C,"5801011003","252081",9734.38,"9502",C001,2025-08-31,,REBATES                       ,2025-10-24,2025-10-22,KI,"40",SD11000000,"",,"0",2025-10-22,REMAN,SODISAP,"158"
"508C9450-57E1-4A23-ABCA-80EA334350A0","2005",2025-08-31,Fill Rate Agosto 2025,"08-Fill Rats 08-000751169-25M",MXN,1.0000,C,"1008030201","252081",1557.50,"9502",C001,2025-08-31,,REBATES                       ,2025-10-24,2025-10-22,KI,"40",SD11000000,"",,"0",2025-10-22,REMAN,SODISAP,"158"
"85F3D30A-3F8D-4593-AFCC-ECCF00749EF7","2005",2025-08-31,Fill Rate Agosto 2025,"08-Fill Rats 08-000751169-25M",MXN,1.0000,D,"2001000001","252186",38288.77,"9502",C001,2025-08-31,,REBATES                       ,2025-10-24,2025-10-22,KI,"41",SD11000000,"",,"0",2025-10-22,REMAN,SODISAP,"158"
B9639DA9-6C1C-408F-BEAC-19152C2B4468,"2005",2025-08-31,Fill Rate Agosto 2025,"08-Fill Rats 08-000751169-25M",MXN,1.0000,C,"5801011003","252186",33007.56,"9502",C001,2025-08-31,,REBATES                       ,2025-10-24,2025-10-22,KI,"41",SD11000000,"",,"0",2025-10-22,REMAN,SODISAP,"158"
CD29CDD0-5380-4B35-9F18-86F92541C401,"2005",2025-08-31,Fill Rate Agosto 2025,"08-Fill Rats 08-000751169-25M",MXN,1.0000,C,"1008030201","252186",5281.21,"9502",C001,2025-08-31,,REBATES                       ,2025-10-24,2025-10-22,KI,"41",SD11000000,"",,"0",2025-10-22,REMAN,SODISAP,"158"
"8209923A-8D78-4C4A-B310-D4A323460FA8","2005",2025-08-31,Fill Rate Agosto 2025,"08-Fill Rats 08-000751169-25M",MXN,1.0000,D,"2001000001","303354",3047.09,"9502",C001,2025-08-31,,REBATES                       ,2025-10-24,2025-10-22,KI,"42",SD11000000,"",,"0",2025-10-22,REMAN,SODISAP,"158"
"72D6E0ED-B189-4EFD-9335-940E6DF36C03","2005",2025-08-31,Fill Rate Agosto 2025,"08-Fill Rats 08-000751169-25M",MXN,1.0000,C,"5801011003","303354",2626.80,"9502",C001,2025-08-31,,REBATES                       ,2025-10-24,2025-10-22,KI,"42",SD11000000,"",,"0",2025-10-22,REMAN,SODISAP,"158"
"1717E65A-3903-4819-8D36-02BDDC8FDA95","2005",2025-08-31,Fill Rate Agosto 2025,"08-Fill Rats 08-000751169-25M",MXN,1.0000,C,"1008030201","303354",420.29,"9502",C001,2025-08-31,,REBATES                       ,2025-10-24,2025-10-22,KI,"42",SD11000000,"",,"0",2025-10-22,REMAN,SODISAP,"158"
B19A2920-1841-4AAA-AD1D-46B574526E78,"2005",2025-08-31,Fill Rate Agosto 2025,"08-Fill Rats 08-000751169-25M",MXN,1.0000,D,"2001000001","322289",14922.99,"9502",C001,2025-08-31,,REBATES                       ,2025-10-24,2025-10-22,KI,"44",SD11000000,"",,"0",2025-10-22,REMAN,SODISAP,"158"
B6A7B503-94D9-4E37-ACC5-B8A489B691EE,"2005",2025-08-31,Fill Rate Agosto 2025,"08-Fill Rats 08-000751169-25M",MXN,1.0000,C,"5801011003","322289",12864.65,"9502",C001,2025-08-31,,REBATES                       ,2025-10-24,2025-10-22,KI,"44",SD11000000,"",,"0",2025-10-22,REMAN,SODISAP,"158"
"6A86E290-AB93-4734-8AD9-52EE4458CD71","2005",2025-08-31,Fill Rate Agosto 2025,"08-Fill Rats 08-000751169-25M",MXN,1.0000,C,"1008030201","322289",2058.34,"9502",C001,2025-08-31,,REBATES                       ,2025-10-24,2025-10-22,KI,"44",SD11000000,"",,"0",2025-10-22,REMAN,SODISAP,"158"
EBBA672E-4E5C-43D0-8D77-D7AEB787E3F0,"2005",2025-08-31,Fill Rate Agosto 2025,"08-Fill Rats 08-000751169-25M",MXN,1.0000,D,"2001000001","324251",12044.73,"9502",C001,2025-08-31,,REBATES                       ,2025-10-24,2025-10-22,KI,"44",SD11000000,"",,"0",2025-10-22,REMAN,SODISAP,"158"
"40FF81F5-806A-4B6C-A947-4FAA8684F546","2005",2025-08-31,Fill Rate Agosto 2025,"08-Fill Rats 08-000751169-25M",MXN,1.0000,C,"5801011003","324251",10383.39,"9502",C001,2025-08-31,,REBATES                       ,2025-10-24,2025-10-22,KI,"44",SD11000000,"",,"0",2025-10-22,REMAN,SODISAP,"158"
"770095E4-7CCC-463F-B44B-503CC94767AE","2005",2025-08-31,Fill Rate Agosto 2025,"08-Fill Rats 08-000751169-25M",MXN,1.0000,C,"1008030201","324251",1661.34,"9502",C001,2025-08-31,,REBATES                       ,2025-10-24,2025-10-22,KI,"44",SD11000000,"",,"0",2025-10-22,REMAN,SODISAP,"158"
"44FF4113-EFE7-4B84-830E-215BEB1B45FF","2005",2025-08-31,Fill Rate Agosto 2025,"08-Fill Rats 08-000751169-25M",MXN,1.0000,D,"2001000001","32961",3616.34,"9502",C001,2025-08-31,,REBATES                       ,2025-10-24,2025-10-22,KI,"44",SD11000000,"",,"0",2025-10-22,REMAN,SODISAP,"158"
"224F3B2F-52A1-4874-8EDC-71243CA38FB9","2005",2025-08-31,Fill Rate Agosto 2025,"08-Fill Rats 08-000751169-25M",MXN,1.0000,C,"5801011003","32961",3117.54,"9502",C001,2025-08-31,,REBATES                       ,2025-10-24,2025-10-22,KI,"44",SD11000000,"",,"0",2025-10-22,REMAN,SODISAP,"158"
"44EEA709-E7F6-48C9-BA0C-84ED43002006","2005",2025-08-31,Fill Rate Agosto 2025,"08-Fill Rats 08-000751169-25M",MXN,1.0000,C,"1008030201","32961",498.80,"9502",C001,2025-08-31,,REBATES                       ,2025-10-24,2025-10-22,KI,"44",SD11000000,"",,"0",2025-10-22,REMAN,SODISAP,"158"
"20F6AA14-33A4-4DB5-9BC0-1CFE00DD19BA","2005",2025-08-31,Fill Rate Agosto 2025,"08-Fill Rats 08-000751169-25M",MXN,1.0000,D,"2001000001","303343",811.70,"9502",C001,2025-08-31,,REBATES                       ,2025-10-24,2025-10-22,KI,"45",SD11000000,"",,"0",2025-10-22,REMAN,SODISAP,"158"
"2703BCA4-E657-422D-9B8B-4CB72BCEE877","2005",2025-08-31,Fill Rate Agosto 2025,"08-Fill Rats 08-000751169-25M",MXN,1.0000,C,"5801011003","303343",699.74,"9502",C001,2025-08-31,,REBATES                       ,2025-10-24,2025-10-22,KI,"45",SD11000000,"",,"0",2025-10-22,REMAN,SODISAP,"158"
"55618732-9811-4319-8CDE-D3D04E7DC170","2005",2025-08-31,Fill Rate Agosto 2025,"08-Fill Rats 08-000751169-25M",MXN,1.0000,C,"1008030201","303343",111.96,"9502",C001,2025-08-31,,REBATES                       ,2025-10-24,2025-10-22,KI,"45",SD11000000,"",,"0",2025-10-22,REMAN,SODISAP,"158"
"11ADC352-C700-4DC7-BE61-C75C46E43E5C","2005",2025-08-31,Fill Rate Agosto 2025,"08-Fill Rats 08-000751169-25M",MXN,1.0000,D,"2001000001","252206",2221.10,"9502",C001,2025-08-31,,REBATES                       ,2025-10-24,2025-10-22,KI,"45",SD11000000,"",,"0",2025-10-22,REMAN,SODISAP,"158"
F8A23A62-5A27-4CD4-AB5B-ED607BC0B52B,"2005",2025-08-31,Fill Rate Agosto 2025,"08-Fill Rats 08-000751169-25M",MXN,1.0000,C,"5801011003","252206",1914.74,"9502",C001,2025-08-31,,REBATES                       ,2025-10-24,2025-10-22,KI,"45",SD11000000,"",,"0",2025-10-22,REMAN,SODISAP,"158"
EC17627C-0ADE-4E17-BDAF-58E5C1C2CF2B,"2005",2025-08-31,Fill Rate Agosto 2025,"08-Fill Rats 08-000751169-25M",MXN,1.0000,C,"1008030201","252206",306.36,"9502",C001,2025-08-31,,REBATES                       ,2025-10-24,2025-10-22,KI,"45",SD11000000,"",,"0",2025-10-22,REMAN,SODISAP,"158"
E887D42F-297F-4DD3-9C2C-D193FF97A6A7,"2005",2025-08-31,Fill Rate Agosto 2025,"08-Fill Rats 08-000751169-25M",MXN,1.0000,D,"2001000001","250006",48.06,"9502",C001,2025-08-31,,REBATES                       ,2025-10-24,2025-10-22,KI,"46",SD11000000,"",,"0",2025-10-22,REMAN,SODISAP,"158"
"1A4BCEE3-0105-40DC-A7FF-353B850D19DC","2005",2025-08-31,Fill Rate Agosto 2025,"08-Fill Rats 08-000751169-25M",MXN,1.0000,C,"5801011003","250006",41.43,"9502",C001,2025-08-31,,REBATES                       ,2025-10-24,2025-10-22,KI,"46",SD11000000,"",,"0",2025-10-22,REMAN,SODISAP,"158"
"4CA39652-2542-418F-9158-38CF2DAA9C76","2005",2025-08-31,Fill Rate Agosto 2025,"08-Fill Rats 08-000751169-25M",MXN,1.0000,C,"1008030201","250006",6.63,"9502",C001,2025-08-31,,REBATES                       ,2025-10-24,2025-10-22,KI,"46",SD11000000,"",,"0",2025-10-22,REMAN,SODISAP,"158"
"496DC983-B9B3-4CCA-A91C-5BB9C74D1905","2005",2025-08-31,Fill Rate Agosto 2025,"08-Fill Rats 08-000751169-25M",MXN,1.0000,D,"2001000001","250135",4049.78,"9502",C001,2025-08-31,,REBATES                       ,2025-10-24,2025-10-22,KI,"47",SD11000000,"",,"0",2025-10-22,REMAN,SODISAP,"158"
D8B6D13F-1754-4E1E-B960-262701E6C914,"2005",2025-08-31,Fill Rate Agosto 2025,"08-Fill Rats 08-000751169-25M",MXN,1.0000,C,"5801011003","250135",3491.19,"9502",C001,2025-08-31,,REBATES                       ,2025-10-24,2025-10-22,KI,"47",SD11000000,"",,"0",2025-10-22,REMAN,SODISAP,"158"
CB0E522B-DE8D-40BC-A971-3BC51AB14B1C,"2005",2025-08-31,Fill Rate Agosto 2025,"08-Fill Rats 08-000751169-25M",MXN,1.0000,C,"1008030201","250135",558.59,"9502",C001,2025-08-31,,REBATES                       ,2025-10-24,2025-10-22,KI,"47",SD11000000,"",,"0",2025-10-22,REMAN,SODISAP,"158"
D3212504-11E8-4876-B859-9F20BE3A8159,"2005",2025-08-31,Fill Rate Agosto 2025,"08-Fill Rats 08-000751169-25M",MXN,1.0000,D,"2001000001","250162",2033.50,"9502",C001,2025-08-31,,REBATES                       ,2025-10-24,2025-10-22,KI,"48",SD11000000,"",,"0",2025-10-22,REMAN,SODISAP,"158"
"49442E15-501D-449B-BD66-224F91591E6C","2005",2025-08-31,Fill Rate Agosto 2025,"08-Fill Rats 08-000751169-25M",MXN,1.0000,C,"5801011003","250162",1753.02,"9502",C001,2025-08-31,,REBATES                       ,2025-10-24,2025-10-22,KI,"48",SD11000000,"",,"0",2025-10-22,REMAN,SODISAP,"158"
B0657515-BAB9-4A9C-83E9-D92AC0701B6C,"2005",2025-08-31,Fill Rate Agosto 2025,"08-Fill Rats 08-000751169-25M",MXN,1.0000,C,"1008030201","250162",280.48,"9502",C001,2025-08-31,,REBATES                       ,2025-10-24,2025-10-22,KI,"48",SD11000000,"",,"0",2025-10-22,REMAN,SODISAP,"158"
A817A020-6F72-4458-BA61-069CAB24E1EC,"2005",2025-08-31,Fill Rate Agosto 2025,"08-Fill Rats 08-000751169-25M",MXN,1.0000,D,"2001000001","308550",1870.85,"9502",C001,2025-08-31,,REBATES                       ,2025-10-24,2025-10-22,KI,"49",SD11000000,"",,"0",2025-10-22,REMAN,SODISAP,"158"
"0A83AC35-2DA2-4744-AFC4-556CFF453539","2005",2025-08-31,Fill Rate Agosto 2025,"08-Fill Rats 08-000751169-25M",MXN,1.0000,C,"5801011003","308550",1612.80,"9502",C001,2025-08-31,,REBATES                       ,2025-10-24,2025-10-22,KI,"49",SD11000000,"",,"0",2025-10-22,REMAN,SODISAP,"158"
"6CCC3EF4-67C0-4B10-9722-AC55E606439E","2005",2025-08-31,Fill Rate Agosto 2025,"08-Fill Rats 08-000751169-25M",MXN,1.0000,C,"1008030201","308550",258.05,"9502",C001,2025-08-31,,REBATES                       ,2025-10-24,2025-10-22,KI,"49",SD11000000,"",,"0",2025-10-22,REMAN,SODISAP,"158"
EBD09BE2-1463-4CC7-93BF-216E56FDD730,"2005",2025-08-31,Fill Rate Agosto 2025,"08-Fill Rats 08-000751169-25M",MXN,1.0000,D,"2001000001","250192",4887.79,"9502",C001,2025-08-31,,REBATES                       ,2025-10-24,2025-10-22,KI,"52",SD11000000,"",,"0",2025-10-22,REMAN,SODISAP,"158"
A450BE3F-B457-4D9D-8E4B-FC0735C0176B,"2005",2025-08-31,Fill Rate Agosto 2025,"08-Fill Rats 08-000751169-25M",MXN,1.0000,C,"5801011003","250192",4213.61,"9502",C001,2025-08-31,,REBATES                       ,2025-10-24,2025-10-22,KI,"52",SD11000000,"",,"0",2025-10-22,REMAN,SODISAP,"158"
"866C4C6D-688D-4F99-BFEB-A289C1FD0E3D","2005",2025-08-31,Fill Rate Agosto 2025,"08-Fill Rats 08-000751169-25M",MXN,1.0000,C,"1008030201","250192",674.18,"9502",C001,2025-08-31,,REBATES                       ,2025-10-24,2025-10-22,KI,"52",SD11000000,"",,"0",2025-10-22,REMAN,SODISAP,"158"
"4A528A68-5E00-4BD2-BD5F-194351D9D320","2005",2025-08-31,Fill Rate Agosto 2025,"08-Fill Rats 08-000751169-25M",MXN,1.0000,D,"2001000001","502",1484.88,"9502",C001,2025-08-31,,REBATES                       ,2025-10-24,2025-10-22,KI,"53",SD11000000,"",,"0",2025-10-22,REMAN,SODISAP,"158"
A2C268D5-80EC-4806-BA6C-CBFF171245E8,"2005",2025-08-31,Fill Rate Agosto 2025,"08-Fill Rats 08-000751169-25M",MXN,1.0000,C,"5801011003","502",1280.07,"9502",C001,2025-08-31,,REBATES                       ,2025-10-24,2025-10-22,KI,"53",SD11000000,"",,"0",2025-10-22,REMAN,SODISAP,"158"
ECEA2C63-2692-4996-9017-852E2367E0CA,"2005",2025-08-31,Fill Rate Agosto 2025,"08-Fill Rats 08-000751169-25M",MXN,1.0000,C,"1008030201","502",204.81,"9502",C001,2025-08-31,,REBATES                       ,2025-10-24,2025-10-22,KI,"53",SD11000000,"",,"0",2025-10-22,REMAN,SODISAP,"158"
E219C00D-9A01-4F41-87CC-CAC2DC67A837,"2005",2025-08-31,Fill Rate Agosto 2025,"08-Fill Rats 08-000751169-25M",MXN,1.0000,D,"2001000001","250253",2816.96,"9502",C001,2025-08-31,,REBATES                       ,2025-10-24,2025-10-22,KI,"53",SD11000000,"",,"0",2025-10-22,REMAN,SODISAP,"158"
"7DC04F90-3EDF-4226-99CE-512EA1D9699B","2005",2025-08-31,Fill Rate Agosto 2025,"08-Fill Rats 08-000751169-25M",MXN,1.0000,C,"5801011003","250253",2428.41,"9502",C001,2025-08-31,,REBATES                       ,2025-10-24,2025-10-22,KI,"53",SD11000000,"",,"0",2025-10-22,REMAN,SODISAP,"158"
B62D1937-347E-413C-B4E7-2D71B3118767,"2005",2025-08-31,Fill Rate Agosto 2025,"08-Fill Rats 08-000751169-25M",MXN,1.0000,C,"1008030201","250253",388.55,"9502",C001,2025-08-31,,REBATES                       ,2025-10-24,2025-10-22,KI,"53",SD11000000,"",,"0",2025-10-22,REMAN,SODISAP,"158"
"709406BA-5FA2-4CEA-ADAB-623ECDB5C597","2005",2025-08-31,Fill Rate Agosto 2025,"08-Fill Rats 08-000751169-25M",MXN,1.0000,D,"2001000001","251527",15006.07,"9502",C001,2025-08-31,,REBATES                       ,2025-10-24,2025-10-22,KI,"53",SD11000000,"",,"0",2025-10-22,REMAN,SODISAP,"158"
"82C61357-B2B2-4D88-B139-EF45A46B8FE6","2005",2025-08-31,Fill Rate Agosto 2025,"08-Fill Rats 08-000751169-25M",MXN,1.0000,C,"5801011003","251527",12936.27,"9502",C001,2025-08-31,,REBATES                       ,2025-10-24,2025-10-22,KI,"53",SD11000000,"",,"0",2025-10-22,REMAN,SODISAP,"158"
"59DE57C5-CEFB-4A53-BC94-9CFB69EEF21D","2005",2025-08-31,Fill Rate Agosto 2025,"08-Fill Rats 08-000751169-25M",MXN,1.0000,C,"1008030201","251527",2069.80,"9502",C001,2025-08-31,,REBATES                       ,2025-10-24,2025-10-22,KI,"53",SD11000000,"",,"0",2025-10-22,REMAN,SODISAP,"158"
C34D7893-74CE-486A-B136-D2B3A3EE0140,"2005",2025-08-31,Fill Rate Agosto 2025,"08-Fill Rats 08-000751169-25M",MXN,1.0000,D,"2001000001","252008",71.53,"9502",C001,2025-08-31,,REBATES                       ,2025-10-24,2025-10-22,KI,"54",SD11000000,"",,"0",2025-10-22,REMAN,SODISAP,"158"
"70CA1E39-D810-409E-80E7-C022147C67A7","2005",2025-08-31,Fill Rate Agosto 2025,"08-Fill Rats 08-000751169-25M",MXN,1.0000,C,"5801011003","252008",61.66,"9502",C001,2025-08-31,,REBATES                       ,2025-10-24,2025-10-22,KI,"54",SD11000000,"",,"0",2025-10-22,REMAN,SODISAP,"158"
"4EF32942-6C2C-4047-ADD5-C35D92EECF94","2005",2025-08-31,Fill Rate Agosto 2025,"08-Fill Rats 08-000751169-25M",MXN,1.0000,C,"1008030201","252008",9.87,"9502",C001,2025-08-31,,REBATES                       ,2025-10-24,2025-10-22,KI,"54",SD11000000,"",,"0",2025-10-22,REMAN,SODISAP,"158"
A75DB6D3-4587-4A67-92DA-57D4876801DC,"2005",2025-08-31,Fill Rate Agosto 2025,"08-Fill Rats 08-000751169-25M",MXN,1.0000,D,"2001000001","6471",427.39,"9502",C001,2025-08-31,,REBATES                       ,2025-10-24,2025-10-22,KI,"54",SD11000000,"",,"0",2025-10-22,REMAN,SODISAP,"158"
EF12D6F7-B467-4480-8B77-F12C5C6D00B8,"2005",2025-08-31,Fill Rate Agosto 2025,"08-Fill Rats 08-000751169-25M",MXN,1.0000,C,"5801011003","6471",368.44,"9502",C001,2025-08-31,,REBATES                       ,2025-10-24,2025-10-22,KI,"54",SD11000000,"",,"0",2025-10-22,REMAN,SODISAP,"158"
"69134A1B-645C-4D18-AF9F-BDD4BBCC76CE","2005",2025-08-31,Fill Rate Agosto 2025,"08-Fill Rats 08-000751169-25M",MXN,1.0000,C,"1008030201","6471",58.95,"9502",C001,2025-08-31,,REBATES                       ,2025-10-24,2025-10-22,KI,"54",SD11000000,"",,"0",2025-10-22,REMAN,SODISAP,"158"
"16DBF879-CBA4-457F-BC94-6ED7884F6B8F","2005",2025-08-31,Fill Rate Agosto 2025,"08-Fill Rats 08-000751169-25M",MXN,1.0000,D,"2001000001","250113",5118.65,"9502",C001,2025-08-31,,REBATES                       ,2025-10-24,2025-10-22,KI,"59",SD11000000,"",,"0",2025-10-22,REMAN,SODISAP,"158"
"6A6B3FCC-E2E5-4113-A4D5-0BB51A95302D","2005",2025-08-31,Fill Rate Agosto 2025,"08-Fill Rats 08-000751169-25M",MXN,1.0000,C,"5801011003","250113",4412.63,"9502",C001,2025-08-31,,REBATES                       ,2025-10-24,2025-10-22,KI,"59",SD11000000,"",,"0",2025-10-22,REMAN,SODISAP,"158"
"6629C805-C444-4310-B5F9-1BA808574239","2005",2025-08-31,Fill Rate Agosto 2025,"08-Fill Rats 08-000751169-25M",MXN,1.0000,C,"1008030201","250113",706.02,"9502",C001,2025-08-31,,REBATES                       ,2025-10-24,2025-10-22,KI,"59",SD11000000,"",,"0",2025-10-22,REMAN,SODISAP,"158"
DBF0F0A4-26E3-44FD-8FDD-F90BF87927BA,"2005",2025-08-31,Fill Rate Agosto 2025,"08-Fill Rats 08-000751169-25M",MXN,1.0000,D,"2001000001","250020",4964.29,"9502",C001,2025-08-31,,REBATES                       ,2025-10-24,2025-10-22,KI,"62",SD11000000,"",,"0",2025-10-22,REMAN,SODISAP,"158"
"759E6E21-A439-4628-A965-27216D7907D7","2005",2025-08-31,Fill Rate Agosto 2025,"08-Fill Rats 08-000751169-25M",MXN,1.0000,C,"5801011003","250020",4279.56,"9502",C001,2025-08-31,,REBATES                       ,2025-10-24,2025-10-22,KI,"62",SD11000000,"",,"0",2025-10-22,REMAN,SODISAP,"158"
A0D2DD63-ED60-4B0F-8421-B79FF2A9B8BE,"2005",2025-08-31,Fill Rate Agosto 2025,"08-Fill Rats 08-000751169-25M",MXN,1.0000,C,"1008030201","250020",684.73,"9502",C001,2025-08-31,,REBATES                       ,2025-10-24,2025-10-22,KI,"62",SD11000000,"",,"0",2025-10-22,REMAN,SODISAP,"158"
"4593F3A9-66A8-4781-8985-F7277B064490","2005",2025-08-31,Fill Rate Agosto 2025,"08-Fill Rats 08-000751169-25M",MXN,1.0000,D,"2001000001","250128",126.87,"9502",C001,2025-08-31,,REBATES                       ,2025-10-24,2025-10-22,KI,"65",SD11000000,"",,"0",2025-10-22,REMAN,SODISAP,"158"
"10AFB37D-4C19-4CF7-9524-0B53212961EB","2005",2025-08-31,Fill Rate Agosto 2025,"08-Fill Rats 08-000751169-25M",MXN,1.0000,C,"5801011003","250128",109.37,"9502",C001,2025-08-31,,REBATES                       ,2025-10-24,2025-10-22,KI,"65",SD11000000,"",,"0",2025-10-22,REMAN,SODISAP,"158"
"1F023081-17E7-42CC-9068-0C2334ABAF1A","2005",2025-08-31,Fill Rate Agosto 2025,"08-Fill Rats 08-000751169-25M",MXN,1.0000,C,"1008030201","250128",17.50,"9502",C001,2025-08-31,,REBATES                       ,2025-10-24,2025-10-22,KI,"65",SD11000000,"",,"0",2025-10-22,REMAN,SODISAP,"158"
C9A2AFDB-9783-43BD-9554-0D04B9D97BF4,"2005",2025-08-31,Fill Rate Agosto 2025,"08-Fill Rats 08-000751169-25M",MXN,1.0000,D,"2001000001","2717",436.51,"9502",C001,2025-08-31,,REBATES                       ,2025-10-24,2025-10-22,KI,"65",SD11000000,"",,"0",2025-10-22,REMAN,SODISAP,"158"
E275BEB5-BA6A-4F22-9798-B3D01E8C9F50,"2005",2025-08-31,Fill Rate Agosto 2025,"08-Fill Rats 08-000751169-25M",MXN,1.0000,C,"5801011003","2717",376.30,"9502",C001,2025-08-31,,REBATES                       ,2025-10-24,2025-10-22,KI,"65",SD11000000,"",,"0",2025-10-22,REMAN,SODISAP,"158"
"3493EAE9-910B-4EDB-93EC-5584CC1E3B3D","2005",2025-08-31,Fill Rate Agosto 2025,"08-Fill Rats 08-000751169-25M",MXN,1.0000,C,"1008030201","2717",60.21,"9502",C001,2025-08-31,,REBATES                       ,2025-10-24,2025-10-22,KI,"65",SD11000000,"",,"0",2025-10-22,REMAN,SODISAP,"158"
"48F236B2-44BD-47D8-BF35-C20F27AEB8BF","2005",2025-08-31,Fill Rate Agosto 2025,"08-Fill Rats 08-000751169-25M",MXN,1.0000,D,"2001000001","250293",4062.53,"9502",C001,2025-08-31,,REBATES                       ,2025-10-24,2025-10-22,KI,"66",SD11000000,"",,"0",2025-10-22,REMAN,SODISAP,"158"
"8E95909B-313F-435B-8DEB-297560454448","2005",2025-08-31,Fill Rate Agosto 2025,"08-Fill Rats 08-000751169-25M",MXN,1.0000,C,"5801011003","250293",3502.18,"9502",C001,2025-08-31,,REBATES                       ,2025-10-24,2025-10-22,KI,"66",SD11000000,"",,"0",2025-10-22,REMAN,SODISAP,"158"
"105CF2FF-6DFB-43D7-87B7-953640702405","2005",2025-08-31,Fill Rate Agosto 2025,"08-Fill Rats 08-000751169-25M",MXN,1.0000,C,"1008030201","250293",560.35,"9502",C001,2025-08-31,,REBATES                       ,2025-10-24,2025-10-22,KI,"66",SD11000000,"",,"0",2025-10-22,REMAN,SODISAP,"158"
CD2A2DBA-39E8-4CDB-B041-B66D0657A846,"2005",2025-08-31,Fill Rate Agosto 2025,"08-Fill Rats 08-000751169-25M",MXN,1.0000,D,"2001000001","252377",4771.60,"9502",C001,2025-08-31,,REBATES                       ,2025-10-24,2025-10-22,KI,"67",SD11000000,"",,"0",2025-10-22,REMAN,SODISAP,"158"
DC25C60D-FE43-4432-8D05-5928302CB19C,"2005",2025-08-31,Fill Rate Agosto 2025,"08-Fill Rats 08-000751169-25M",MXN,1.0000,C,"5801011003","252377",4113.45,"9502",C001,2025-08-31,,REBATES                       ,2025-10-24,2025-10-22,KI,"67",SD11000000,"",,"0",2025-10-22,REMAN,SODISAP,"158"
ADEC3381-0213-4ADB-8EA5-7C71BB99DA40,"2005",2025-08-31,Fill Rate Agosto 2025,"08-Fill Rats 08-000751169-25M",MXN,1.0000,C,"1008030201","252377",658.15,"9502",C001,2025-08-31,,REBATES                       ,2025-10-24,2025-10-22,KI,"67",SD11000000,"",,"0",2025-10-22,REMAN,SODISAP,"158"
"6DB0343A-0A58-4228-A02D-A6FC80C21C68","2005",2025-08-31,Fill Rate Agosto 2025,"08-Fill Rats 08-000751169-25M",MXN,1.0000,D,"2001000001","250212",4322.07,"9502",C001,2025-08-31,,REBATES                       ,2025-10-24,2025-10-22,KI,"67",SD11000000,"",,"0",2025-10-22,REMAN,SODISAP,"158"
D674AA14-962D-48A3-9A53-A91E419E33D4,"2005",2025-08-31,Fill Rate Agosto 2025,"08-Fill Rats 08-000751169-25M",MXN,1.0000,C,"5801011003","250212",3725.92,"9502",C001,2025-08-31,,REBATES                       ,2025-10-24,2025-10-22,KI,"67",SD11000000,"",,"0",2025-10-22,REMAN,SODISAP,"158"
"7B6F5F8F-8E9D-4968-9002-E20900EAF91C","2005",2025-08-31,Fill Rate Agosto 2025,"08-Fill Rats 08-000751169-25M",MXN,1.0000,C,"1008030201","250212",596.15,"9502",C001,2025-08-31,,REBATES                       ,2025-10-24,2025-10-22,KI,"67",SD11000000,"",,"0",2025-10-22,REMAN,SODISAP,"158"
"3CDCFFE3-B6C1-4E02-AA21-96DB539586B8","2005",2025-08-31,Fill Rate Agosto 2025,"08-Fill Rats 08-000751169-25M",MXN,1.0000,D,"2001000001","250038",112.14,"9502",C001,2025-08-31,,REBATES                       ,2025-10-24,2025-10-22,KI,"70",SD11000000,"",,"0",2025-10-22,REMAN,SODISAP,"158"
"30747CD4-375D-48B7-BDB2-C7E76A49396A","2005",2025-08-31,Fill Rate Agosto 2025,"08-Fill Rats 08-000751169-25M",MXN,1.0000,C,"5801011003","250038",96.67,"9502",C001,2025-08-31,,REBATES                       ,2025-10-24,2025-10-22,KI,"70",SD11000000,"",,"0",2025-10-22,REMAN,SODISAP,"158"
EE039DFF-AB9B-486D-8EBB-C566277B5A63,"2005",2025-08-31,Fill Rate Agosto 2025,"08-Fill Rats 08-000751169-25M",MXN,1.0000,C,"1008030201","250038",15.47,"9502",C001,2025-08-31,,REBATES                       ,2025-10-24,2025-10-22,KI,"70",SD11000000,"",,"0",2025-10-22,REMAN,SODISAP,"158"
F169DC51-AFDD-4F59-8C6F-40C5B3716C6D,"2005",2025-08-31,Fill Rate Agosto 2025,"08-Fill Rats 08-000751169-25M",MXN,1.0000,D,"2001000001","250024",1649.98,"9502",C001,2025-08-31,,REBATES                       ,2025-10-24,2025-10-22,KI,"71",SD11000000,"",,"0",2025-10-22,REMAN,SODISAP,"158"
"63FC1492-F2D5-417E-B796-5D89178B1A79","2005",2025-08-31,Fill Rate Agosto 2025,"08-Fill Rats 08-000751169-25M",MXN,1.0000,C,"5801011003","250024",1422.40,"9502",C001,2025-08-31,,REBATES                       ,2025-10-24,2025-10-22,KI,"71",SD11000000,"",,"0",2025-10-22,REMAN,SODISAP,"158"
"10C14593-4D93-431A-BE7D-C06404A47F09","2005",2025-08-31,Fill Rate Agosto 2025,"08-Fill Rats 08-000751169-25M",MXN,1.0000,C,"1008030201","250024",227.58,"9502",C001,2025-08-31,,REBATES                       ,2025-10-24,2025-10-22,KI,"71",SD11000000,"",,"0",2025-10-22,REMAN,SODISAP,"158"
B62F6388-662F-428B-B33B-F20DA44D51DE,"2005",2025-08-31,Fill Rate Agosto 2025,"08-Fill Rats 08-000751169-25M",MXN,1.0000,D,"2001000001","250057",30.28,"9502",C001,2025-08-31,,REBATES                       ,2025-10-24,2025-10-22,KI,"71",SD11000000,"",,"0",2025-10-22,REMAN,SODISAP,"158"
C81DFC52-4FD7-43AB-B5EA-1423CE8D9BDF,"2005",2025-08-31,Fill Rate Agosto 2025,"08-Fill Rats 08-000751169-25M",MXN,1.0000,C,"5801011003","250057",26.10,"9502",C001,2025-08-31,,REBATES                       ,2025-10-24,2025-10-22,KI,"71",SD11000000,"",,"0",2025-10-22,REMAN,SODISAP,"158"
A8ED2438-C432-4B8D-8E1E-3F347E7AE3D8,"2005",2025-08-31,Fill Rate Agosto 2025,"08-Fill Rats 08-000751169-25M",MXN,1.0000,C,"1008030201","250057",4.18,"9502",C001,2025-08-31,,REBATES                       ,2025-10-24,2025-10-22,KI,"71",SD11000000,"",,"0",2025-10-22,REMAN,SODISAP,"158"
"705BA1F0-3C7B-4EF8-8039-F8B349E94F82","2005",2025-08-31,Fill Rate Agosto 2025,"08-Fill Rats 08-000751169-25M",MXN,1.0000,D,"2001000001","250279",54.91,"9502",C001,2025-08-31,,REBATES                       ,2025-10-24,2025-10-22,KI,"72",SD11000000,"",,"0",2025-10-22,REMAN,SODISAP,"158"
"7B86B483-4B93-47E2-BF42-EB1371412C90","2005",2025-08-31,Fill Rate Agosto 2025,"08-Fill Rats 08-000751169-25M",MXN,1.0000,C,"5801011003","250279",47.34,"9502",C001,2025-08-31,,REBATES                       ,2025-10-24,2025-10-22,KI,"72",SD11000000,"",,"0",2025-10-22,REMAN,SODISAP,"158"
"830E3A54-9A99-4269-B001-8042037CAB32","2005",2025-08-31,Fill Rate Agosto 2025,"08-Fill Rats 08-000751169-25M",MXN,1.0000,C,"1008030201","250279",7.57,"9502",C001,2025-08-31,,REBATES                       ,2025-10-24,2025-10-22,KI,"72",SD11000000,"",,"0",2025-10-22,REMAN,SODISAP,"158"
"23AC7E06-01F5-4EFC-B009-286B2AFFA881","2005",2025-08-31,Fill Rate Agosto 2025,"08-Fill Rats 08-000751169-25M",MXN,1.0000,D,"2001000001","250208",250.68,"9502",C001,2025-08-31,,REBATES                       ,2025-10-24,2025-10-22,KI,"75",SD11000000,"",,"0",2025-10-22,REMAN,SODISAP,"158"
B700FD8C-37BF-4FA9-8F9F-6AA641E7B425,"2005",2025-08-31,Fill Rate Agosto 2025,"08-Fill Rats 08-000751169-25M",MXN,1.0000,C,"5801011003","250208",216.10,"9502",C001,2025-08-31,,REBATES                       ,2025-10-24,2025-10-22,KI,"75",SD11000000,"",,"0",2025-10-22,REMAN,SODISAP,"158"
C0352482-0049-4931-92AB-200D8CAFC76B,"2005",2025-08-31,Fill Rate Agosto 2025,"08-Fill Rats 08-000751169-25M",MXN,1.0000,C,"1008030201","250208",34.58,"9502",C001,2025-08-31,,REBATES                       ,2025-10-24,2025-10-22,KI,"75",SD11000000,"",,"0",2025-10-22,REMAN,SODISAP,"158"
"0B176180-ADA0-4125-BD90-7CF141E55056","2005",2025-08-31,Fill Rate Agosto 2025,"08-Fill Rats 08-000751169-25M",MXN,1.0000,D,"2001000001","251988",22.44,"9502",C001,2025-08-31,,REBATES                       ,2025-10-24,2025-10-22,KI,"76",SD11000000,"",,"0",2025-10-22,REMAN,SODISAP,"158"
F1AD9258-2D92-4F21-AAB2-870BDEE944AC,"2005",2025-08-31,Fill Rate Agosto 2025,"08-Fill Rats 08-000751169-25M",MXN,1.0000,C,"5801011003","251988",19.34,"9502",C001,2025-08-31,,REBATES                       ,2025-10-24,2025-10-22,KI,"76",SD11000000,"",,"0",2025-10-22,REMAN,SODISAP,"158"
"87CB751E-7913-4FF9-BD7E-CBAF8484EBDF","2005",2025-08-31,Fill Rate Agosto 2025,"08-Fill Rats 08-000751169-25M",MXN,1.0000,C,"1008030201","251988",3.10,"9502",C001,2025-08-31,,REBATES                       ,2025-10-24,2025-10-22,KI,"76",SD11000000,"",,"0",2025-10-22,REMAN,SODISAP,"158"
"9163C299-2CB7-4A42-A3F7-FBCB7848FC38","2005",2025-08-31,Fill Rate Agosto 2025,"08-Fill Rats 08-000751169-25M",MXN,1.0000,D,"2001000001","250032",5475.06,"9502",C001,2025-08-31,,REBATES                       ,2025-10-24,2025-10-22,KI,"77",SD11000000,"",,"0",2025-10-22,REMAN,SODISAP,"158"
BF6DB2A3-885C-41CB-B71F-62FEECE6C7F9,"2005",2025-08-31,Fill Rate Agosto 2025,"08-Fill Rats 08-000751169-25M",MXN,1.0000,C,"5801011003","250032",4719.88,"9502",C001,2025-08-31,,REBATES                       ,2025-10-24,2025-10-22,KI,"77",SD11000000,"",,"0",2025-10-22,REMAN,SODISAP,"158"
CDF4C9D7-A931-49ED-B08F-005432D9FD9B,"2005",2025-08-31,Fill Rate Agosto 2025,"08-Fill Rats 08-000751169-25M",MXN,1.0000,C,"1008030201","250032",755.18,"9502",C001,2025-08-31,,REBATES                       ,2025-10-24,2025-10-22,KI,"77",SD11000000,"",,"0",2025-10-22,REMAN,SODISAP,"158"
"2B6B8263-0BD8-4774-9AA8-F041A78FC9BA","2005",2025-08-31,Fill Rate Agosto 2025,"08-Fill Rats 08-000751169-25M",MXN,1.0000,D,"2001000001","250137",4172.36,"9502",C001,2025-08-31,,REBATES                       ,2025-10-24,2025-10-22,KI,"77",SD11000000,"",,"0",2025-10-22,REMAN,SODISAP,"158"
"3374486E-D443-4C2D-8B16-57EFA75CEFDC","2005",2025-08-31,Fill Rate Agosto 2025,"08-Fill Rats 08-000751169-25M",MXN,1.0000,C,"5801011003","250137",3596.86,"9502",C001,2025-08-31,,REBATES                       ,2025-10-24,2025-10-22,KI,"77",SD11000000,"",,"0",2025-10-22,REMAN,SODISAP,"158"
C724B380-CD92-4D33-A1A6-76EB8AE2CE20,"2005",2025-08-31,Fill Rate Agosto 2025,"08-Fill Rats 08-000751169-25M",MXN,1.0000,C,"1008030201","250137",575.50,"9502",C001,2025-08-31,,REBATES                       ,2025-10-24,2025-10-22,KI,"77",SD11000000,"",,"0",2025-10-22,REMAN,SODISAP,"158"
"0F65B8EA-838C-4407-9A90-1F8D7DDAD383","2005",2025-08-31,Fill Rate Agosto 2025,"08-Fill Rats 08-000751169-25M",MXN,1.0000,D,"2001000001","37481",244.59,"9502",C001,2025-08-31,,REBATES                       ,2025-10-24,2025-10-22,KI,"77",SD11000000,"",,"0",2025-10-22,REMAN,SODISAP,"158"
"782D6EA8-2365-4DE8-BAE5-AE651A50D376","2005",2025-08-31,Fill Rate Agosto 2025,"08-Fill Rats 08-000751169-25M",MXN,1.0000,C,"5801011003","37481",210.85,"9502",C001,2025-08-31,,REBATES                       ,2025-10-24,2025-10-22,KI,"77",SD11000000,"",,"0",2025-10-22,REMAN,SODISAP,"158"
"6085592D-4AE1-44AA-A293-92797CC56E3B","2005",2025-08-31,Fill Rate Agosto 2025,"08-Fill Rats 08-000751169-25M",MXN,1.0000,C,"1008030201","37481",33.74,"9502",C001,2025-08-31,,REBATES                       ,2025-10-24,2025-10-22,KI,"77",SD11000000,"",,"0",2025-10-22,REMAN,SODISAP,"158"
F13C7A0A-DC76-4C52-8325-D1D630B548D3,"2005",2025-08-31,Fill Rate Agosto 2025,"08-Fill Rats 08-000751169-25M",MXN,1.0000,D,"2001000001","250304",3504.92,"9502",C001,2025-08-31,,REBATES                       ,2025-10-24,2025-10-22,KI,"77",SD11000000,"",,"0",2025-10-22,REMAN,SODISAP,"158"
"04208B8D-E429-459D-A9F2-5E7DE58CF91A","2005",2025-08-31,Fill Rate Agosto 2025,"08-Fill Rats 08-000751169-25M",MXN,1.0000,C,"5801011003","250304",3021.48,"9502",C001,2025-08-31,,REBATES                       ,2025-10-24,2025-10-22,KI,"77",SD11000000,"",,"0",2025-10-22,REMAN,SODISAP,"158"
"84A02C68-6C1E-4604-9FB7-92F990916B06","2005",2025-08-31,Fill Rate Agosto 2025,"08-Fill Rats 08-000751169-25M",MXN,1.0000,C,"1008030201","250304",483.44,"9502",C001,2025-08-31,,REBATES                       ,2025-10-24,2025-10-22,KI,"77",SD11000000,"",,"0",2025-10-22,REMAN,SODISAP,"158"
A920D736-541A-4088-97DB-C03C46D6C201,"2005",2025-08-31,Fill Rate Agosto 2025,"08-Fill Rats 08-000751169-25M",MXN,1.0000,D,"2001000001","251578",43.21,"9502",C001,2025-08-31,,REBATES                       ,2025-10-24,2025-10-22,KI,"77",SD11000000,"",,"0",2025-10-22,REMAN,SODISAP,"158"
"6603835B-BB3F-4C75-8F5D-5BBFBE62F56B","2005",2025-08-31,Fill Rate Agosto 2025,"08-Fill Rats 08-000751169-25M",MXN,1.0000,C,"5801011003","251578",37.25,"9502",C001,2025-08-31,,REBATES                       ,2025-10-24,2025-10-22,KI,"77",SD11000000,"",,"0",2025-10-22,REMAN,SODISAP,"158"
"238FD5C2-FD0F-44B2-B1D8-19819124865E","2005",2025-08-31,Fill Rate Agosto 2025,"08-Fill Rats 08-000751169-25M",MXN,1.0000,C,"1008030201","251578",5.96,"9502",C001,2025-08-31,,REBATES                       ,2025-10-24,2025-10-22,KI,"77",SD11000000,"",,"0",2025-10-22,REMAN,SODISAP,"158"
FB5F8337-9821-4D70-9747-6A15B8BB22C7,"2005",2025-08-31,Fill Rate Agosto 2025,"08-Fill Rats 08-000751169-25M",MXN,1.0000,D,"2001000001","314567",831.95,"9502",C001,2025-08-31,,REBATES                       ,2025-10-24,2025-10-22,KI,"77",SD11000000,"",,"0",2025-10-22,REMAN,SODISAP,"158"
"906AC96B-FA4C-4211-B352-D4C74D4DC76A","2005",2025-08-31,Fill Rate Agosto 2025,"08-Fill Rats 08-000751169-25M",MXN,1.0000,C,"5801011003","314567",717.20,"9502",C001,2025-08-31,,REBATES                       ,2025-10-24,2025-10-22,KI,"77",SD11000000,"",,"0",2025-10-22,REMAN,SODISAP,"158"
"112EF659-DC7B-4146-BF03-3ECD91F1B28F","2005",2025-08-31,Fill Rate Agosto 2025,"08-Fill Rats 08-000751169-25M",MXN,1.0000,C,"1008030201","314567",114.75,"9502",C001,2025-08-31,,REBATES                       ,2025-10-24,2025-10-22,KI,"77",SD11000000,"",,"0",2025-10-22,REMAN,SODISAP,"158"
"80605E99-07F3-44BA-8AB1-14E3CF81C395","2005",2025-08-31,Fill Rate Agosto 2025,"08-Fill Rats 08-000751169-25M",MXN,1.0000,D,"2001000001","252163",846.06,"9502",C001,2025-08-31,,REBATES                       ,2025-10-24,2025-10-22,KI,"77",SD11000000,"",,"0",2025-10-22,REMAN,SODISAP,"158"
BA74A43C-F5A2-4FEE-92E0-4D82AB9E5A3B,"2005",2025-08-31,Fill Rate Agosto 2025,"08-Fill Rats 08-000751169-25M",MXN,1.0000,C,"5801011003","252163",729.36,"9502",C001,2025-08-31,,REBATES                       ,2025-10-24,2025-10-22,KI,"77",SD11000000,"",,"0",2025-10-22,REMAN,SODISAP,"158"
A7D70045-1B4E-4618-8FD0-B7D4FF8011D1,"2005",2025-08-31,Fill Rate Agosto 2025,"08-Fill Rats 08-000751169-25M",MXN,1.0000,C,"1008030201","252163",116.70,"9502",C001,2025-08-31,,REBATES                       ,2025-10-24,2025-10-22,KI,"77",SD11000000,"",,"0",2025-10-22,REMAN,SODISAP,"158"
"06B74A5D-1D8A-44EA-8E1B-397F930783A3","2005",2025-08-31,Fill Rate Agosto 2025,"08-Fill Rats 08-000751169-25M",MXN,1.0000,D,"2001000001","250252",650.29,"9502",C001,2025-08-31,,REBATES                       ,2025-10-24,2025-10-22,KI,"77",SD11000000,"",,"0",2025-10-22,REMAN,SODISAP,"158"
"8D5B4A2C-CCE0-45FB-9654-B50385A63969","2005",2025-08-31,Fill Rate Agosto 2025,"08-Fill Rats 08-000751169-25M",MXN,1.0000,C,"5801011003","250252",560.60,"9502",C001,2025-08-31,,REBATES                       ,2025-10-24,2025-10-22,KI,"77",SD11000000,"",,"0",2025-10-22,REMAN,SODISAP,"158"
"08EE558F-26AB-4E7E-853D-6A6C9D709ECD","2005",2025-08-31,Fill Rate Agosto 2025,"08-Fill Rats 08-000751169-25M",MXN,1.0000,C,"1008030201","250252",89.69,"9502",C001,2025-08-31,,REBATES                       ,2025-10-24,2025-10-22,KI,"77",SD11000000,"",,"0",2025-10-22,REMAN,SODISAP,"158"
"8235E5A6-FC0D-4183-8429-A3E320E18C19","2005",2025-08-31,Fill Rate Agosto 2025,"08-Fill Rats 08-000751169-25M",MXN,1.0000,D,"2001000001","96826",1418.89,"9502",C001,2025-08-31,,REBATES                       ,2025-10-24,2025-10-22,KI,"77",SD11000000,"",,"0",2025-10-22,REMAN,SODISAP,"158"
"5D669343-42F6-4F92-A887-83A3FB0F2636","2005",2025-08-31,Fill Rate Agosto 2025,"08-Fill Rats 08-000751169-25M",MXN,1.0000,C,"5801011003","96826",1223.18,"9502",C001,2025-08-31,,REBATES                       ,2025-10-24,2025-10-22,KI,"77",SD11000000,"",,"0",2025-10-22,REMAN,SODISAP,"158"
F09C4E84-C5CF-4F17-8CD4-FFBF8833CAE7,"2005",2025-08-31,Fill Rate Agosto 2025,"08-Fill Rats 08-000751169-25M",MXN,1.0000,C,"1008030201","96826",195.71,"9502",C001,2025-08-31,,REBATES                       ,2025-10-24,2025-10-22,KI,"77",SD11000000,"",,"0",2025-10-22,REMAN,SODISAP,"158"
"49034E96-CBAB-436B-86C4-A1C1F1A43920","2005",2025-08-31,Fill Rate Agosto 2025,"08-Fill Rats 08-000751169-25M",MXN,1.0000,D,"2001000001","11158",4459.47,"9502",C001,2025-08-31,,REBATES                       ,2025-10-24,2025-10-22,KI,"77",SD11000000,"",,"0",2025-10-22,REMAN,SODISAP,"158"
"9DE303BC-AE22-49BB-988F-B7287B1E5EC3","2005",2025-08-31,Fill Rate Agosto 2025,"08-Fill Rats 08-000751169-25M",MXN,1.0000,C,"5801011003","11158",3844.37,"9502",C001,2025-08-31,,REBATES                       ,2025-10-24,2025-10-22,KI,"77",SD11000000,"",,"0",2025-10-22,REMAN,SODISAP,"158"
"80DCDEFE-DD6A-489A-A020-3F03BE2104FD","2005",2025-08-31,Fill Rate Agosto 2025,"08-Fill Rats 08-000751169-25M",MXN,1.0000,C,"1008030201","11158",615.10,"9502",C001,2025-08-31,,REBATES                       ,2025-10-24,2025-10-22,KI,"77",SD11000000,"",,"0",2025-10-22,REMAN,SODISAP,"158"
"07BD2E14-DF77-4B53-B111-473FCDE67C9D","2005",2025-08-31,Fill Rate Agosto 2025,"08-Fill Rats 08-000751169-25M",MXN,1.0000,D,"2001000001","250230",447.18,"9502",C001,2025-08-31,,REBATES                       ,2025-10-24,2025-10-22,KI,"77",SD11000000,"",,"0",2025-10-22,REMAN,SODISAP,"158"
"00842265-E86F-423F-988B-730F729FFA68","2005",2025-08-31,Fill Rate Agosto 2025,"08-Fill Rats 08-000751169-25M",MXN,1.0000,C,"5801011003","250230",385.50,"9502",C001,2025-08-31,,REBATES                       ,2025-10-24,2025-10-22,KI,"77",SD11000000,"",,"0",2025-10-22,REMAN,SODISAP,"158"
"3B30B21B-7F6B-40A2-AB7F-E520C441FA30","2005",2025-08-31,Fill Rate Agosto 2025,"08-Fill Rats 08-000751169-25M",MXN,1.0000,C,"1008030201","250230",61.68,"9502",C001,2025-08-31,,REBATES                       ,2025-10-24,2025-10-22,KI,"77",SD11000000,"",,"0",2025-10-22,REMAN,SODISAP,"158"
"3487C85E-5C44-430D-8CDA-EC5EFFD49BA6","2005",2025-08-31,Fill Rate Agosto 2025,"08-Fill Rats 08-000751169-25M",MXN,1.0000,D,"2001000001","252060",2938.63,"9502",C001,2025-08-31,,REBATES                       ,2025-10-24,2025-10-22,KI,"77",SD11000000,"",,"0",2025-10-22,REMAN,SODISAP,"158"
"7144F782-5B0D-47A9-9F76-0588C57E9602","2005",2025-08-31,Fill Rate Agosto 2025,"08-Fill Rats 08-000751169-25M",MXN,1.0000,C,"5801011003","252060",2533.30,"9502",C001,2025-08-31,,REBATES                       ,2025-10-24,2025-10-22,KI,"77",SD11000000,"",,"0",2025-10-22,REMAN,SODISAP,"158"
E27B498E-F2B5-401C-9B37-5D27A28FAD5F,"2005",2025-08-31,Fill Rate Agosto 2025,"08-Fill Rats 08-000751169-25M",MXN,1.0000,C,"1008030201","252060",405.33,"9502",C001,2025-08-31,,REBATES                       ,2025-10-24,2025-10-22,KI,"77",SD11000000,"",,"0",2025-10-22,REMAN,SODISAP,"158"
"398C125C-E1DF-43AC-8362-41B378A7E737","2005",2025-08-31,Fill Rate Agosto 2025,"08-Fill Rats 08-000751169-25M",MXN,1.0000,D,"2001000001","17893",1486.57,"9502",C001,2025-08-31,,REBATES                       ,2025-10-24,2025-10-22,KI,"77",SD11000000,"",,"0",2025-10-22,REMAN,SODISAP,"158"
AD62B742-D411-419C-A788-8629DD98B987,"2005",2025-08-31,Fill Rate Agosto 2025,"08-Fill Rats 08-000751169-25M",MXN,1.0000,C,"5801011003","17893",1281.52,"9502",C001,2025-08-31,,REBATES                       ,2025-10-24,2025-10-22,KI,"77",SD11000000,"",,"0",2025-10-22,REMAN,SODISAP,"158"
"9C7C4027-9272-491F-BB4E-2C30C38D168E","2005",2025-08-31,Fill Rate Agosto 2025,"08-Fill Rats 08-000751169-25M",MXN,1.0000,C,"1008030201","17893",205.05,"9502",C001,2025-08-31,,REBATES                       ,2025-10-24,2025-10-22,KI,"77",SD11000000,"",,"0",2025-10-22,REMAN,SODISAP,"158"
"27266179-3954-43A2-BA22-45AC0AF7ED6A","2005",2025-08-31,Fill Rate Agosto 2025,"08-Fill Rats 08-000751169-25M",MXN,1.0000,D,"2001000001","24683",931.18,"9502",C001,2025-08-31,,REBATES                       ,2025-10-24,2025-10-22,KI,"77",SD11000000,"",,"0",2025-10-22,REMAN,SODISAP,"158"
C366CE02-A908-40C0-A684-7638EEE88535,"2005",2025-08-31,Fill Rate Agosto 2025,"08-Fill Rats 08-000751169-25M",MXN,1.0000,C,"5801011003","24683",802.74,"9502",C001,2025-08-31,,REBATES                       ,2025-10-24,2025-10-22,KI,"77",SD11000000,"",,"0",2025-10-22,REMAN,SODISAP,"158"
B6B9F45F-E086-461D-933B-CB7453D43D47,"2005",2025-08-31,Fill Rate Agosto 2025,"08-Fill Rats 08-000751169-25M",MXN,1.0000,C,"1008030201","24683",128.44,"9502",C001,2025-08-31,,REBATES                       ,2025-10-24,2025-10-22,KI,"77",SD11000000,"",,"0",2025-10-22,REMAN,SODISAP,"158"
"455071A0-13EA-4BD9-A2F1-F9910A9512A5","2005",2025-08-31,Fill Rate Agosto 2025,"08-Fill Rats 08-000751169-25M",MXN,1.0000,D,"2001000001","250146",25764.96,"9502",C001,2025-08-31,,REBATES                       ,2025-10-24,2025-10-22,KI,"77",SD11000000,"",,"0",2025-10-22,REMAN,SODISAP,"158"
ED6D876B-DD05-4CCA-9E17-CE0D912820CD,"2005",2025-08-31,Fill Rate Agosto 2025,"08-Fill Rats 08-000751169-25M",MXN,1.0000,C,"5801011003","250146",22211.17,"9502",C001,2025-08-31,,REBATES                       ,2025-10-24,2025-10-22,KI,"77",SD11000000,"",,"0",2025-10-22,REMAN,SODISAP,"158"
"17E74C34-8757-4991-828C-1C345611D44F","2005",2025-08-31,Fill Rate Agosto 2025,"08-Fill Rats 08-000751169-25M",MXN,1.0000,C,"1008030201","250146",3553.79,"9502",C001,2025-08-31,,REBATES                       ,2025-10-24,2025-10-22,KI,"77",SD11000000,"",,"0",2025-10-22,REMAN,SODISAP,"158"
"0FAFD797-4C7E-49B4-9CD5-13441120958A","2005",2025-08-31,Fill Rate Agosto 2025,"08-Fill Rats 08-000751169-25M",MXN,1.0000,D,"2001000001","250254",522.70,"9502",C001,2025-08-31,,REBATES                       ,2025-10-24,2025-10-22,KI,"77",SD11000000,"",,"0",2025-10-22,REMAN,SODISAP,"158"
"4E6BDB9D-23F1-4EE3-89E9-7F6091A737D8","2005",2025-08-31,Fill Rate Agosto 2025,"08-Fill Rats 08-000751169-25M",MXN,1.0000,C,"5801011003","250254",450.60,"9502",C001,2025-08-31,,REBATES                       ,2025-10-24,2025-10-22,KI,"77",SD11000000,"",,"0",2025-10-22,REMAN,SODISAP,"158"
C1420C53-2E4E-4E25-BAE3-E6ADFD3BE707,"2005",2025-08-31,Fill Rate Agosto 2025,"08-Fill Rats 08-000751169-25M",MXN,1.0000,C,"1008030201","250254",72.10,"9502",C001,2025-08-31,,REBATES                       ,2025-10-24,2025-10-22,KI,"77",SD11000000,"",,"0",2025-10-22,REMAN,SODISAP,"158"
"6B66FBAD-FA34-4B91-90FE-A6C5B9EDF8A3","2005",2025-08-31,Fill Rate Agosto 2025,"08-Fill Rats 08-000751169-25M",MXN,1.0000,D,"2001000001","71233",23.78,"9502",C001,2025-08-31,,REBATES                       ,2025-10-24,2025-10-22,KI,"77",SD11000000,"",,"0",2025-10-22,REMAN,SODISAP,"158"
F69BB177-0068-4684-80C3-D941DF16296A,"2005",2025-08-31,Fill Rate Agosto 2025,"08-Fill Rats 08-000751169-25M",MXN,1.0000,C,"5801011003","71233",20.50,"9502",C001,2025-08-31,,REBATES                       ,2025-10-24,2025-10-22,KI,"77",SD11000000,"",,"0",2025-10-22,REMAN,SODISAP,"158"
"90B43A99-A715-4D49-A2DF-ED23755AB5C7","2005",2025-08-31,Fill Rate Agosto 2025,"08-Fill Rats 08-000751169-25M",MXN,1.0000,C,"1008030201","71233",3.28,"9502",C001,2025-08-31,,REBATES                       ,2025-10-24,2025-10-22,KI,"77",SD11000000,"",,"0",2025-10-22,REMAN,SODISAP,"158"
"7A685866-A2DE-4EDE-BA74-2722E659CBE4","2005",2025-08-31,Fill Rate Agosto 2025,"08-Fill Rats 08-000751169-25M",MXN,1.0000,D,"2001000001","250178",584.86,"9502",C001,2025-08-31,,REBATES                       ,2025-10-24,2025-10-22,KI,"77",SD11000000,"",,"0",2025-10-22,REMAN,SODISAP,"158"
B4C2D6B3-C761-4044-984B-26B8C9675A04,"2005",2025-08-31,Fill Rate Agosto 2025,"08-Fill Rats 08-000751169-25M",MXN,1.0000,C,"5801011003","250178",504.19,"9502",C001,2025-08-31,,REBATES                       ,2025-10-24,2025-10-22,KI,"77",SD11000000,"",,"0",2025-10-22,REMAN,SODISAP,"158"
"6B2B4502-B55D-43B4-91E0-5333757427CA","2005",2025-08-31,Fill Rate Agosto 2025,"08-Fill Rats 08-000751169-25M",MXN,1.0000,C,"1008030201","250178",80.67,"9502",C001,2025-08-31,,REBATES                       ,2025-10-24,2025-10-22,KI,"77",SD11000000,"",,"0",2025-10-22,REMAN,SODISAP,"158"
BFFFD593-D023-4C17-8119-E179C4DF1BEC,"2005",2025-08-31,Fill Rate Agosto 2025,"08-Fill Rats 08-000751169-25M",MXN,1.0000,D,"2001000001","250094",684.48,"9502",C001,2025-08-31,,REBATES                       ,2025-10-24,2025-10-22,KI,"77",SD11000000,"",,"0",2025-10-22,REMAN,SODISAP,"158"
C0DD6281-044C-4724-A665-602727488333,"2005",2025-08-31,Fill Rate Agosto 2025,"08-Fill Rats 08-000751169-25M",MXN,1.0000,C,"5801011003","250094",590.07,"9502",C001,2025-08-31,,REBATES                       ,2025-10-24,2025-10-22,KI,"77",SD11000000,"",,"0",2025-10-22,REMAN,SODISAP,"158"
"638331D8-2CF1-4B95-96BB-8E9548C5D181","2005",2025-08-31,Fill Rate Agosto 2025,"08-Fill Rats 08-000751169-25M",MXN,1.0000,C,"1008030201","250094",94.41,"9502",C001,2025-08-31,,REBATES                       ,2025-10-24,2025-10-22,KI,"77",SD11000000,"",,"0",2025-10-22,REMAN,SODISAP,"158"
"6629FB18-04C5-4FB1-BB84-4621E5F9D83D","2005",2025-08-31,Fill Rate Agosto 2025,"08-Fill Rats 08-000751169-25M",MXN,1.0000,D,"2001000001","189175",109.01,"9502",C001,2025-08-31,,REBATES                       ,2025-10-24,2025-10-22,KI,"77",SD11000000,"",,"0",2025-10-22,REMAN,SODISAP,"158"
"47D82B8B-A8D9-438D-95D6-802F6547498F","2005",2025-08-31,Fill Rate Agosto 2025,"08-Fill Rats 08-000751169-25M",MXN,1.0000,C,"5801011003","189175",93.98,"9502",C001,2025-08-31,,REBATES                       ,2025-10-24,2025-10-22,KI,"77",SD11000000,"",,"0",2025-10-22,REMAN,SODISAP,"158"
"9EAEC731-9C6F-4EDD-BDBD-3D4D590B257C","2005",2025-08-31,Fill Rate Agosto 2025,"08-Fill Rats 08-000751169-25M",MXN,1.0000,C,"1008030201","189175",15.03,"9502",C001,2025-08-31,,REBATES                       ,2025-10-24,2025-10-22,KI,"77",SD11000000,"",,"0",2025-10-22,REMAN,SODISAP,"158"
"27232A0B-1AA2-49A2-9553-8C72CE2F8EA5","2005",2025-08-31,Fill Rate Agosto 2025,"08-Fill Rats 08-000751169-25M",MXN,1.0000,D,"2001000001","250138",1821.06,"9502",C001,2025-08-31,,REBATES                       ,2025-10-24,2025-10-22,KI,"77",SD11000000,"",,"0",2025-10-22,REMAN,SODISAP,"158"
C98C5B9E-EB77-455A-A357-80DA67103845,"2005",2025-08-31,Fill Rate Agosto 2025,"08-Fill Rats 08-000751169-25M",MXN,1.0000,C,"5801011003","250138",1569.88,"9502",C001,2025-08-31,,REBATES                       ,2025-10-24,2025-10-22,KI,"77",SD11000000,"",,"0",2025-10-22,REMAN,SODISAP,"158"
"819DA584-DB4B-49B4-9384-738C2FD03586","2005",2025-08-31,Fill Rate Agosto 2025,"08-Fill Rats 08-000751169-25M",MXN,1.0000,C,"1008030201","250138",251.18,"9502",C001,2025-08-31,,REBATES                       ,2025-10-24,2025-10-22,KI,"77",SD11000000,"",,"0",2025-10-22,REMAN,SODISAP,"158"
"705E48F0-2821-4E9D-9C4B-940A273CE6E2","2005",2025-08-31,Fill Rate Agosto 2025,"08-Fill Rats 08-000751169-25M",MXN,1.0000,D,"2001000001","251960",173.51,"9502",C001,2025-08-31,,REBATES                       ,2025-10-24,2025-10-22,KI,"77",SD11000000,"",,"0",2025-10-22,REMAN,SODISAP,"158"
"1FD4EC71-A54B-4133-B7F7-F6824540C1E3","2005",2025-08-31,Fill Rate Agosto 2025,"08-Fill Rats 08-000751169-25M",MXN,1.0000,C,"5801011003","251960",149.58,"9502",C001,2025-08-31,,REBATES                       ,2025-10-24,2025-10-22,KI,"77",SD11000000,"",,"0",2025-10-22,REMAN,SODISAP,"158"
"33D67FAA-B4E8-4E2A-83AA-C2820D0CC981","2005",2025-08-31,Fill Rate Agosto 2025,"08-Fill Rats 08-000751169-25M",MXN,1.0000,C,"1008030201","251960",23.93,"9502",C001,2025-08-31,,REBATES                       ,2025-10-24,2025-10-22,KI,"77",SD11000000,"",,"0",2025-10-22,REMAN,SODISAP,"158"
"0840A195-7201-4A15-B853-483212E79D80","2005",2025-08-31,Fill Rate Agosto 2025,"08-Fill Rats 08-000751169-25M",MXN,1.0000,D,"2001000001","251204",123.34,"9502",C001,2025-08-31,,REBATES                       ,2025-10-24,2025-10-22,KI,"77",SD11000000,"",,"0",2025-10-22,REMAN,SODISAP,"158"
BBC8721A-263A-4DFD-9AE1-A9D324D97470,"2005",2025-08-31,Fill Rate Agosto 2025,"08-Fill Rats 08-000751169-25M",MXN,1.0000,C,"5801011003","251204",106.32,"9502",C001,2025-08-31,,REBATES                       ,2025-10-24,2025-10-22,KI,"77",SD11000000,"",,"0",2025-10-22,REMAN,SODISAP,"158"
E42EB5D0-53F6-40A6-A846-69F37106575E,"2005",2025-08-31,Fill Rate Agosto 2025,"08-Fill Rats 08-000751169-25M",MXN,1.0000,C,"1008030201","251204",17.02,"9502",C001,2025-08-31,,REBATES                       ,2025-10-24,2025-10-22,KI,"77",SD11000000,"",,"0",2025-10-22,REMAN,SODISAP,"158"
"993CCA3C-F2AA-4DCA-B1C9-0AD197192C2D","2005",2025-08-31,Fill Rate Agosto 2025,"08-Fill Rats 08-000751169-25M",MXN,1.0000,D,"2001000001","252067",51.39,"9502",C001,2025-08-31,,REBATES                       ,2025-10-24,2025-10-22,KI,"77",SD11000000,"",,"0",2025-10-22,REMAN,SODISAP,"158"
"701A5DFE-8BBF-4787-8318-EF9761E9CDCE","2005",2025-08-31,Fill Rate Agosto 2025,"08-Fill Rats 08-000751169-25M",MXN,1.0000,C,"5801011003","252067",44.30,"9502",C001,2025-08-31,,REBATES                       ,2025-10-24,2025-10-22,KI,"77",SD11000000,"",,"0",2025-10-22,REMAN,SODISAP,"158"
C6DE7183-B261-4DAB-A3CE-36E19EB36168,"2005",2025-08-31,Fill Rate Agosto 2025,"08-Fill Rats 08-000751169-25M",MXN,1.0000,C,"1008030201","252067",7.09,"9502",C001,2025-08-31,,REBATES                       ,2025-10-24,2025-10-22,KI,"77",SD11000000,"",,"0",2025-10-22,REMAN,SODISAP,"158"
"66A575D0-7798-4207-9519-E803BC28DBEE","2005",2025-08-31,Fill Rate Agosto 2025,"08-Fill Rats 08-000751169-25M",MXN,1.0000,D,"2001000001","63677",75.73,"9502",C001,2025-08-31,,REBATES                       ,2025-10-24,2025-10-22,KI,"77",SD11000000,"",,"0",2025-10-22,REMAN,SODISAP,"158"
F1D4B454-CADA-4F4E-96F7-645ADDE64B1B,"2005",2025-08-31,Fill Rate Agosto 2025,"08-Fill Rats 08-000751169-25M",MXN,1.0000,C,"5801011003","63677",65.28,"9502",C001,2025-08-31,,REBATES                       ,2025-10-24,2025-10-22,KI,"77",SD11000000,"",,"0",2025-10-22,REMAN,SODISAP,"158"
"1F7D6DDE-7E90-48C2-9902-98FB9BAFA7A2","2005",2025-08-31,Fill Rate Agosto 2025,"08-Fill Rats 08-000751169-25M",MXN,1.0000,C,"1008030201","63677",10.45,"9502",C001,2025-08-31,,REBATES                       ,2025-10-24,2025-10-22,KI,"77",SD11000000,"",,"0",2025-10-22,REMAN,SODISAP,"158"
"1B4FF80F-4EC8-45BC-8E65-3C01399F16DA","2005",2025-08-31,Fill Rate Agosto 2025,"08-Fill Rats 08-000751169-25M",MXN,1.0000,D,"2001000001","250025",178.18,"9502",C001,2025-08-31,,REBATES                       ,2025-10-24,2025-10-22,KI,"77",SD11000000,"",,"0",2025-10-22,REMAN,SODISAP,"158"
"9A8EE578-00F4-4410-8760-800D3A6347F1","2005",2025-08-31,Fill Rate Agosto 2025,"08-Fill Rats 08-000751169-25M",MXN,1.0000,C,"5801011003","250025",153.60,"9502",C001,2025-08-31,,REBATES                       ,2025-10-24,2025-10-22,KI,"77",SD11000000,"",,"0",2025-10-22,REMAN,SODISAP,"158"
"4E53F870-8442-41FC-B902-48C1780D8786","2005",2025-08-31,Fill Rate Agosto 2025,"08-Fill Rats 08-000751169-25M",MXN,1.0000,C,"1008030201","250025",24.58,"9502",C001,2025-08-31,,REBATES                       ,2025-10-24,2025-10-22,KI,"77",SD11000000,"",,"0",2025-10-22,REMAN,SODISAP,"158"
"93055E18-3303-44DB-BB67-A0FC43748C1F","2005",2025-08-31,Fill Rate Agosto 2025,"08-Fill Rats 08-000751169-25M",MXN,1.0000,D,"2001000001","61366",267.10,"9502",C001,2025-08-31,,REBATES                       ,2025-10-24,2025-10-22,KI,"77",SD11000000,"",,"0",2025-10-22,REMAN,SODISAP,"158"
"7C26E0B7-182D-4657-B7DB-973F26CE1D51","2005",2025-08-31,Fill Rate Agosto 2025,"08-Fill Rats 08-000751169-25M",MXN,1.0000,C,"5801011003","61366",230.26,"9502",C001,2025-08-31,,REBATES                       ,2025-10-24,2025-10-22,KI,"77",SD11000000,"",,"0",2025-10-22,REMAN,SODISAP,"158"
"7350A012-D635-4159-BE0F-B5EDDEDD04BA","2005",2025-08-31,Fill Rate Agosto 2025,"08-Fill Rats 08-000751169-25M",MXN,1.0000,C,"1008030201","61366",36.84,"9502",C001,2025-08-31,,REBATES                       ,2025-10-24,2025-10-22,KI,"77",SD11000000,"",,"0",2025-10-22,REMAN,SODISAP,"158"
"17C4D79D-95BB-4529-9247-75C0C7172BA1","2005",2025-08-31,Fill Rate Agosto 2025,"08-Fill Rats 08-000751169-25M",MXN,1.0000,D,"2001000001","251887",298.76,"9502",C001,2025-08-31,,REBATES                       ,2025-10-24,2025-10-22,KI,"77",SD11000000,"",,"0",2025-10-22,REMAN,SODISAP,"158"
"11B19ED6-C5C6-4517-8FBE-2F27224A6E5A","2005",2025-08-31,Fill Rate Agosto 2025,"08-Fill Rats 08-000751169-25M",MXN,1.0000,C,"5801011003","251887",257.55,"9502",C001,2025-08-31,,REBATES                       ,2025-10-24,2025-10-22,KI,"77",SD11000000,"",,"0",2025-10-22,REMAN,SODISAP,"158"
A23E32B2-E12A-4707-ACED-E3C4DEA2DEB4,"2005",2025-08-31,Fill Rate Agosto 2025,"08-Fill Rats 08-000751169-25M",MXN,1.0000,C,"1008030201","251887",41.21,"9502",C001,2025-08-31,,REBATES                       ,2025-10-24,2025-10-22,KI,"77",SD11000000,"",,"0",2025-10-22,REMAN,SODISAP,"158"
"1435147A-7A89-42F6-8E57-355CFFBF8428","2005",2025-08-31,Fill Rate Agosto 2025,"08-Fill Rats 08-000751169-25M",MXN,1.0000,D,"2001000001","251899",1891.58,"9502",C001,2025-08-31,,REBATES                       ,2025-10-24,2025-10-22,KI,"77",SD11000000,"",,"0",2025-10-22,REMAN,SODISAP,"158"
"15E6DCE5-8E4E-40C5-86C1-A98C355DA6A4","2005",2025-08-31,Fill Rate Agosto 2025,"08-Fill Rats 08-000751169-25M",MXN,1.0000,C,"5801011003","251899",1630.68,"9502",C001,2025-08-31,,REBATES                       ,2025-10-24,2025-10-22,KI,"77",SD11000000,"",,"0",2025-10-22,REMAN,SODISAP,"158"
D58C6746-2606-4E46-9085-FF06534F25A6,"2005",2025-08-31,Fill Rate Agosto 2025,"08-Fill Rats 08-000751169-25M",MXN,1.0000,C,"1008030201","251899",260.90,"9502",C001,2025-08-31,,REBATES                       ,2025-10-24,2025-10-22,KI,"77",SD11000000,"",,"0",2025-10-22,REMAN,SODISAP,"158"
AC8E1222-6E4B-4DEA-A6FD-5AC186508714,"2005",2025-08-31,Fill Rate Agosto 2025,"08-Fill Rats 08-000751169-25M",MXN,1.0000,D,"2001000001","250186",784.68,"9502",C001,2025-08-31,,REBATES                       ,2025-10-24,2025-10-22,KI,"77",SD11000000,"",,"0",2025-10-22,REMAN,SODISAP,"158"
"9E78CA1B-0242-49A1-9227-EF6CB9BFD8C3","2005",2025-08-31,Fill Rate Agosto 2025,"08-Fill Rats 08-000751169-25M",MXN,1.0000,C,"5801011003","250186",676.45,"9502",C001,2025-08-31,,REBATES                       ,2025-10-24,2025-10-22,KI,"77",SD11000000,"",,"0",2025-10-22,REMAN,SODISAP,"158"
B0A8CEF6-513B-494B-B3B9-970640439CA9,"2005",2025-08-31,Fill Rate Agosto 2025,"08-Fill Rats 08-000751169-25M",MXN,1.0000,C,"1008030201","250186",108.23,"9502",C001,2025-08-31,,REBATES                       ,2025-10-24,2025-10-22,KI,"77",SD11000000,"",,"0",2025-10-22,REMAN,SODISAP,"158"
"2098FA20-8852-44B7-A0B1-A7C7071FBDBF","2005",2025-08-31,Fill Rate Agosto 2025,"08-Fill Rats 08-000751169-25M",MXN,1.0000,D,"2001000001","250040",4534.30,"9502",C001,2025-08-31,,REBATES                       ,2025-10-24,2025-10-22,KI,"77",SD11000000,"",,"0",2025-10-22,REMAN,SODISAP,"158"
"0FBE4495-E06F-458C-B13A-9A63E8A739FE","2005",2025-08-31,Fill Rate Agosto 2025,"08-Fill Rats 08-000751169-25M",MXN,1.0000,C,"5801011003","250040",3908.88,"9502",C001,2025-08-31,,REBATES                       ,2025-10-24,2025-10-22,KI,"77",SD11000000,"",,"0",2025-10-22,REMAN,SODISAP,"158"
"918BFDB8-9EF8-4884-9697-6BB5D560567F","2005",2025-08-31,Fill Rate Agosto 2025,"08-Fill Rats 08-000751169-25M",MXN,1.0000,C,"1008030201","250040",625.42,"9502",C001,2025-08-31,,REBATES                       ,2025-10-24,2025-10-22,KI,"77",SD11000000,"",,"0",2025-10-22,REMAN,SODISAP,"158"
"6D3A16BF-39C7-4963-8E50-415BCB34DE5E","2005",2025-08-31,Fill Rate Agosto 2025,"08-Fill Rats 08-000751169-25M",MXN,1.0000,D,"2001000001","250228",993.57,"9502",C001,2025-08-31,,REBATES                       ,2025-10-24,2025-10-22,KI,"77",SD11000000,"",,"0",2025-10-22,REMAN,SODISAP,"158"
"009FB04F-49D5-4915-AC16-B7694E266019","2005",2025-08-31,Fill Rate Agosto 2025,"08-Fill Rats 08-000751169-25M",MXN,1.0000,C,"5801011003","250228",856.53,"9502",C001,2025-08-31,,REBATES                       ,2025-10-24,2025-10-22,KI,"77",SD11000000,"",,"0",2025-10-22,REMAN,SODISAP,"158"
"2333E0C7-85B3-479E-8BBE-C47C962352B7","2005",2025-08-31,Fill Rate Agosto 2025,"08-Fill Rats 08-000751169-25M",MXN,1.0000,C,"1008030201","250228",137.04,"9502",C001,2025-08-31,,REBATES                       ,2025-10-24,2025-10-22,KI,"77",SD11000000,"",,"0",2025-10-22,REMAN,SODISAP,"158"
"5B322716-AA1C-4C84-B027-EDCC9640FF9F","2005",2025-08-31,Fill Rate Agosto 2025,"08-Fill Rats 08-000751169-25M",MXN,1.0000,D,"2001000001","251780",113.04,"9502",C001,2025-08-31,,REBATES                       ,2025-10-24,2025-10-22,KI,"77",SD11000000,"",,"0",2025-10-22,REMAN,SODISAP,"158"
"14D6BD6D-9CD9-4ACE-8BB0-FFEDB9AAB294","2005",2025-08-31,Fill Rate Agosto 2025,"08-Fill Rats 08-000751169-25M",MXN,1.0000,C,"5801011003","251780",97.45,"9502",C001,2025-08-31,,REBATES                       ,2025-10-24,2025-10-22,KI,"77",SD11000000,"",,"0",2025-10-22,REMAN,SODISAP,"158"
"7A379A4A-DAE8-4F68-A8B5-78DBA2D390E3","2005",2025-08-31,Fill Rate Agosto 2025,"08-Fill Rats 08-000751169-25M",MXN,1.0000,C,"1008030201","251780",15.59,"9502",C001,2025-08-31,,REBATES                       ,2025-10-24,2025-10-22,KI,"77",SD11000000,"",,"0",2025-10-22,REMAN,SODISAP,"158"
B6B85F87-6F06-4E67-9069-1A329837C1F0,"2005",2025-08-31,Fill Rate Agosto 2025,"08-Fill Rats 08-000751169-25M",MXN,1.0000,D,"2001000001","250119",101.88,"9502",C001,2025-08-31,,REBATES                       ,2025-10-24,2025-10-22,KI,"77",SD11000000,"",,"0",2025-10-22,REMAN,SODISAP,"158"
"0100D12D-05CA-4B25-8A0F-38F757CEF293","2005",2025-08-31,Fill Rate Agosto 2025,"08-Fill Rats 08-000751169-25M",MXN,1.0000,C,"5801011003","250119",87.83,"9502",C001,2025-08-31,,REBATES                       ,2025-10-24,2025-10-22,KI,"77",SD11000000,"",,"0",2025-10-22,REMAN,SODISAP,"158"
"28BF6186-CED1-4A25-8D48-E133B37C22EE","2005",2025-08-31,Fill Rate Agosto 2025,"08-Fill Rats 08-000751169-25M",MXN,1.0000,C,"1008030201","250119",14.05,"9502",C001,2025-08-31,,REBATES                       ,2025-10-24,2025-10-22,KI,"77",SD11000000,"",,"0",2025-10-22,REMAN,SODISAP,"158"
C53E7E65-9AC2-487E-BED3-5626FF1B513D,"2005",2025-08-31,Fill Rate Agosto 2025,"08-Fill Rats 08-000751169-25M",MXN,1.0000,D,"2001000001","42341",302.88,"9502",C001,2025-08-31,,REBATES                       ,2025-10-24,2025-10-22,KI,"77",SD11000000,"",,"0",2025-10-22,REMAN,SODISAP,"158"
"1B42412D-ECED-4CDD-9B01-7E9BF8A25EE6","2005",2025-08-31,Fill Rate Agosto 2025,"08-Fill Rats 08-000751169-25M",MXN,1.0000,C,"5801011003","42341",261.10,"9502",C001,2025-08-31,,REBATES                       ,2025-10-24,2025-10-22,KI,"77",SD11000000,"",,"0",2025-10-22,REMAN,SODISAP,"158"
D37C1BA9-8554-4930-8C35-E2B4E6CD1C25,"2005",2025-08-31,Fill Rate Agosto 2025,"08-Fill Rats 08-000751169-25M",MXN,1.0000,C,"1008030201","42341",41.78,"9502",C001,2025-08-31,,REBATES                       ,2025-10-24,2025-10-22,KI,"77",SD11000000,"",,"0",2025-10-22,REMAN,SODISAP,"158"
"99ACB41C-40E6-4507-8C56-A5300DE7E356","2005",2025-08-31,Fill Rate Agosto 2025,"08-Fill Rats 08-000751169-25M",MXN,1.0000,D,"2001000001","572",1718.49,"9502",C001,2025-08-31,,REBATES                       ,2025-10-24,2025-10-22,KI,"77",SD11000000,"",,"0",2025-10-22,REMAN,SODISAP,"158"
"6FE2796A-C2B0-4C57-B6B2-395F465BC986","2005",2025-08-31,Fill Rate Agosto 2025,"08-Fill Rats 08-000751169-25M",MXN,1.0000,C,"5801011003","572",1481.46,"9502",C001,2025-08-31,,REBATES                       ,2025-10-24,2025-10-22,KI,"77",SD11000000,"",,"0",2025-10-22,REMAN,SODISAP,"158"
B2A29BCB-BEE8-4E0A-BFF5-E8D6AD2661DF,"2005",2025-08-31,Fill Rate Agosto 2025,"08-Fill Rats 08-000751169-25M",MXN,1.0000,C,"1008030201","572",237.03,"9502",C001,2025-08-31,,REBATES                       ,2025-10-24,2025-10-22,KI,"77",SD11000000,"",,"0",2025-10-22,REMAN,SODISAP,"158"
"2ADE3DBF-CD3A-4C25-B570-5CED5E192515","2005",2025-08-31,Fill Rate Agosto 2025,"08-Fill Rats 08-000751169-25M",MXN,1.0000,D,"2001000001","136390",1168.24,"9502",C001,2025-08-31,,REBATES                       ,2025-10-24,2025-10-22,KI,"77",SD11000000,"",,"0",2025-10-22,REMAN,SODISAP,"158"
"27F8B8A7-2862-4A5F-8968-077C3CC3B1E2","2005",2025-08-31,Fill Rate Agosto 2025,"08-Fill Rats 08-000751169-25M",MXN,1.0000,C,"5801011003","136390",1007.10,"9502",C001,2025-08-31,,REBATES                       ,2025-10-24,2025-10-22,KI,"77",SD11000000,"",,"0",2025-10-22,REMAN,SODISAP,"158"
B99C1A75-090D-4D4D-89AD-47576BA7285B,"2005",2025-08-31,Fill Rate Agosto 2025,"08-Fill Rats 08-000751169-25M",MXN,1.0000,C,"1008030201","136390",161.14,"9502",C001,2025-08-31,,REBATES                       ,2025-10-24,2025-10-22,KI,"77",SD11000000,"",,"0",2025-10-22,REMAN,SODISAP,"158"
"430F5BB8-FE52-47D0-95CF-95A81C623F42","2005",2025-08-31,Fill Rate Agosto 2025,"08-Fill Rats 08-000751169-25M",MXN,1.0000,D,"2001000001","251119",437.01,"9502",C001,2025-08-31,,REBATES                       ,2025-10-24,2025-10-22,KI,"77",SD11000000,"",,"0",2025-10-22,REMAN,SODISAP,"158"
"3EFAD810-8D3A-415E-A3D1-CD991C1CCB83","2005",2025-08-31,Fill Rate Agosto 2025,"08-Fill Rats 08-000751169-25M",MXN,1.0000,C,"5801011003","251119",376.74,"9502",C001,2025-08-31,,REBATES                       ,2025-10-24,2025-10-22,KI,"77",SD11000000,"",,"0",2025-10-22,REMAN,SODISAP,"158"
"6DAD9BA7-EDC0-4AAB-A349-12FC360928AE","2005",2025-08-31,Fill Rate Agosto 2025,"08-Fill Rats 08-000751169-25M",MXN,1.0000,C,"1008030201","251119",60.27,"9502",C001,2025-08-31,,REBATES                       ,2025-10-24,2025-10-22,KI,"77",SD11000000,"",,"0",2025-10-22,REMAN,SODISAP,"158"
"8F1A2571-6271-4600-9B91-5B6A3EA62CD1","2005",2025-08-31,Fill Rate Agosto 2025,"08-Fill Rats 08-000751169-25M",MXN,1.0000,D,"2001000001","251580",1183.32,"9502",C001,2025-08-31,,REBATES                       ,2025-10-24,2025-10-22,KI,"77",SD11000000,"",,"0",2025-10-22,REMAN,SODISAP,"158"
"94ABF719-1A54-4778-B4A1-5D87D021A708","2005",2025-08-31,Fill Rate Agosto 2025,"08-Fill Rats 08-000751169-25M",MXN,1.0000,C,"5801011003","251580",1020.10,"9502",C001,2025-08-31,,REBATES                       ,2025-10-24,2025-10-22,KI,"77",SD11000000,"",,"0",2025-10-22,REMAN,SODISAP,"158"
"24CCD45C-0E56-403F-BBE0-535C138BA5F7","2005",2025-08-31,Fill Rate Agosto 2025,"08-Fill Rats 08-000751169-25M",MXN,1.0000,C,"1008030201","251580",163.22,"9502",C001,2025-08-31,,REBATES                       ,2025-10-24,2025-10-22,KI,"77",SD11000000,"",,"0",2025-10-22,REMAN,SODISAP,"158"
"4F64E8C7-9121-4404-82E9-87FC884D6477","2005",2025-08-31,Fill Rate Agosto 2025,"08-Fill Rats 08-000751169-25M",MXN,1.0000,D,"2001000001","342907",575.29,"9502",C001,2025-08-31,,REBATES                       ,2025-10-24,2025-10-22,KI,"77",SD11000000,"",,"0",2025-10-22,REMAN,SODISAP,"158"
"5D0E35FD-8EFB-4AA4-8FC6-BFC1089EF59F","2005",2025-08-31,Fill Rate Agosto 2025,"08-Fill Rats 08-000751169-25M",MXN,1.0000,C,"5801011003","342907",495.94,"9502",C001,2025-08-31,,REBATES                       ,2025-10-24,2025-10-22,KI,"77",SD11000000,"",,"0",2025-10-22,REMAN,SODISAP,"158"
FDEFBF2B-C77D-403C-BFDD-C24D89DEACB3,"2005",2025-08-31,Fill Rate Agosto 2025,"08-Fill Rats 08-000751169-25M",MXN,1.0000,C,"1008030201","342907",79.35,"9502",C001,2025-08-31,,REBATES                       ,2025-10-24,2025-10-22,KI,"77",SD11000000,"",,"0",2025-10-22,REMAN,SODISAP,"158"
"8E80A1B1-2F31-459D-88BD-3DE8B0FA6A82","2005",2025-08-31,Fill Rate Agosto 2025,"08-Fill Rats 08-000751169-25M",MXN,1.0000,D,"2001000001","64162",400.39,"9502",C001,2025-08-31,,REBATES                       ,2025-10-24,2025-10-22,KI,"77",SD11000000,"",,"0",2025-10-22,REMAN,SODISAP,"158"
BD4DA6E0-0898-48D5-BE0A-5889420CAC38,"2005",2025-08-31,Fill Rate Agosto 2025,"08-Fill Rats 08-000751169-25M",MXN,1.0000,C,"5801011003","64162",345.16,"9502",C001,2025-08-31,,REBATES                       ,2025-10-24,2025-10-22,KI,"77",SD11000000,"",,"0",2025-10-22,REMAN,SODISAP,"158"
"2C412071-D44D-4A95-9295-0C22314504A3","2005",2025-08-31,Fill Rate Agosto 2025,"08-Fill Rats 08-000751169-25M",MXN,1.0000,C,"1008030201","64162",55.23,"9502",C001,2025-08-31,,REBATES                       ,2025-10-24,2025-10-22,KI,"77",SD11000000,"",,"0",2025-10-22,REMAN,SODISAP,"158"
A6761C0F-8D5C-4C31-96AC-E278E8DAD4A3,"2005",2025-08-31,Fill Rate Agosto 2025,"08-Fill Rats 08-000751169-25M",MXN,1.0000,D,"2001000001","24274",191.87,"9502",C001,2025-08-31,,REBATES                       ,2025-10-24,2025-10-22,KI,"77",SD11000000,"",,"0",2025-10-22,REMAN,SODISAP,"158"
"19CC59F6-A074-485A-917C-98C7C4E1A16E","2005",2025-08-31,Fill Rate Agosto 2025,"08-Fill Rats 08-000751169-25M",MXN,1.0000,C,"5801011003","24274",165.41,"9502",C001,2025-08-31,,REBATES                       ,2025-10-24,2025-10-22,KI,"77",SD11000000,"",,"0",2025-10-22,REMAN,SODISAP,"158"
F7F45CE7-5440-4518-853F-FC843B1F1C09,"2005",2025-08-31,Fill Rate Agosto 2025,"08-Fill Rats 08-000751169-25M",MXN,1.0000,C,"1008030201","24274",26.46,"9502",C001,2025-08-31,,REBATES                       ,2025-10-24,2025-10-22,KI,"77",SD11000000,"",,"0",2025-10-22,REMAN,SODISAP,"158"
A17760FE-A335-460A-840C-78B4C9AD5DA8,"2005",2025-08-31,Fill Rate Agosto 2025,"08-Fill Rats 08-000751169-25M",MXN,1.0000,D,"2001000001","251860",10372.02,"9502",C001,2025-08-31,,REBATES                       ,2025-10-24,2025-10-22,KI,"77",SD11000000,"",,"0",2025-10-22,REMAN,SODISAP,"158"
"2648B9BA-FBBB-40CB-A03A-636C9501D4F0","2005",2025-08-31,Fill Rate Agosto 2025,"08-Fill Rats 08-000751169-25M",MXN,1.0000,C,"5801011003","251860",8941.40,"9502",C001,2025-08-31,,REBATES                       ,2025-10-24,2025-10-22,KI,"77",SD11000000,"",,"0",2025-10-22,REMAN,SODISAP,"158"
"94E96593-0FD7-4CBA-8CDD-ED2A23B407F2","2005",2025-08-31,Fill Rate Agosto 2025,"08-Fill Rats 08-000751169-25M",MXN,1.0000,C,"1008030201","251860",1430.62,"9502",C001,2025-08-31,,REBATES                       ,2025-10-24,2025-10-22,KI,"77",SD11000000,"",,"0",2025-10-22,REMAN,SODISAP,"158"
"15A7E796-DFFA-4B65-93CF-CC387FBD8BEA","2005",2025-08-31,Fill Rate Agosto 2025,"08-Fill Rats 08-000751169-25M",MXN,1.0000,D,"2001000001","251519",431.17,"9502",C001,2025-08-31,,REBATES                       ,2025-10-24,2025-10-22,KI,"77",SD11000000,"",,"0",2025-10-22,REMAN,SODISAP,"158"
"3A4DF0BD-3155-4908-B4DA-C16149486B81","2005",2025-08-31,Fill Rate Agosto 2025,"08-Fill Rats 08-000751169-25M",MXN,1.0000,C,"5801011003","251519",371.70,"9502",C001,2025-08-31,,REBATES                       ,2025-10-24,2025-10-22,KI,"77",SD11000000,"",,"0",2025-10-22,REMAN,SODISAP,"158"
"3A5DC98A-B368-453D-99E1-5DBB06FE3FB2","2005",2025-08-31,Fill Rate Agosto 2025,"08-Fill Rats 08-000751169-25M",MXN,1.0000,C,"1008030201","251519",59.47,"9502",C001,2025-08-31,,REBATES                       ,2025-10-24,2025-10-22,KI,"77",SD11000000,"",,"0",2025-10-22,REMAN,SODISAP,"158"
"7AA52EF0-48E1-4602-8078-EB9ED116D391","2005",2025-08-31,Fill Rate Agosto 2025,"08-Fill Rats 08-000751169-25M",MXN,1.0000,D,"2001000001","251138",197.12,"9502",C001,2025-08-31,,REBATES                       ,2025-10-24,2025-10-22,KI,"77",SD11000000,"",,"0",2025-10-22,REMAN,SODISAP,"158"
"92C39533-DAA1-4594-A781-404B47F183F7","2005",2025-08-31,Fill Rate Agosto 2025,"08-Fill Rats 08-000751169-25M",MXN,1.0000,C,"5801011003","251138",169.93,"9502",C001,2025-08-31,,REBATES                       ,2025-10-24,2025-10-22,KI,"77",SD11000000,"",,"0",2025-10-22,REMAN,SODISAP,"158"
A3B7A4D3-D220-4374-81DC-1A9B1A504E9A,"2005",2025-08-31,Fill Rate Agosto 2025,"08-Fill Rats 08-000751169-25M",MXN,1.0000,C,"1008030201","251138",27.19,"9502",C001,2025-08-31,,REBATES                       ,2025-10-24,2025-10-22,KI,"77",SD11000000,"",,"0",2025-10-22,REMAN,SODISAP,"158"
"40227604-307C-44D7-A90F-1FEE13347F94","2005",2025-08-31,Fill Rate Agosto 2025,"08-Fill Rats 08-000751169-25M",MXN,1.0000,D,"2001000001","250284",904.10,"9502",C001,2025-08-31,,REBATES                       ,2025-10-24,2025-10-22,KI,"77",SD11000000,"",,"0",2025-10-22,REMAN,SODISAP,"158"
CE99A849-F372-41F2-BA75-AD1694CFA062,"2005",2025-08-31,Fill Rate Agosto 2025,"08-Fill Rats 08-000751169-25M",MXN,1.0000,C,"5801011003","250284",779.40,"9502",C001,2025-08-31,,REBATES                       ,2025-10-24,2025-10-22,KI,"77",SD11000000,"",,"0",2025-10-22,REMAN,SODISAP,"158"
"64FD2C4F-3892-41B0-A045-4A8BF41DD2FC","2005",2025-08-31,Fill Rate Agosto 2025,"08-Fill Rats 08-000751169-25M",MXN,1.0000,C,"1008030201","250284",124.70,"9502",C001,2025-08-31,,REBATES                       ,2025-10-24,2025-10-22,KI,"77",SD11000000,"",,"0",2025-10-22,REMAN,SODISAP,"158"
D807A890-33C4-4F97-A36F-81A79BBA36C6,"2005",2025-08-31,Fill Rate Agosto 2025,"08-Fill Rats 08-000751169-25M",MXN,1.0000,D,"2001000001","251217",3127.88,"9502",C001,2025-08-31,,REBATES                       ,2025-10-24,2025-10-22,KI,"77",SD11000000,"",,"0",2025-10-22,REMAN,SODISAP,"158"
DD6BFFD2-D766-4192-AFE8-158283484E3E,"2005",2025-08-31,Fill Rate Agosto 2025,"08-Fill Rats 08-000751169-25M",MXN,1.0000,C,"5801011003","251217",2696.45,"9502",C001,2025-08-31,,REBATES                       ,2025-10-24,2025-10-22,KI,"77",SD11000000,"",,"0",2025-10-22,REMAN,SODISAP,"158"
C06A7D26-28E6-42F7-8319-5DE677229AD6,"2005",2025-08-31,Fill Rate Agosto 2025,"08-Fill Rats 08-000751169-25M",MXN,1.0000,C,"1008030201","251217",431.43,"9502",C001,2025-08-31,,REBATES                       ,2025-10-24,2025-10-22,KI,"77",SD11000000,"",,"0",2025-10-22,REMAN,SODISAP,"158"
FC64282B-56C2-48D7-B035-04CAF0FCB44F,"2005",2025-08-31,Fill Rate Agosto 2025,"08-Fill Rats 08-000751169-25M",MXN,1.0000,D,"2001000001","251932",2317.42,"9502",C001,2025-08-31,,REBATES                       ,2025-10-24,2025-10-22,KI,"77",SD11000000,"",,"0",2025-10-22,REMAN,SODISAP,"158"
"98F3AFD3-55B2-4461-A57E-AA6256A79106","2005",2025-08-31,Fill Rate Agosto 2025,"08-Fill Rats 08-000751169-25M",MXN,1.0000,C,"5801011003","251932",1997.78,"9502",C001,2025-08-31,,REBATES                       ,2025-10-24,2025-10-22,KI,"77",SD11000000,"",,"0",2025-10-22,REMAN,SODISAP,"158"
"38F36B5A-87E9-420C-87C3-712A8FD4DC0C","2005",2025-08-31,Fill Rate Agosto 2025,"08-Fill Rats 08-000751169-25M",MXN,1.0000,C,"1008030201","251932",319.64,"9502",C001,2025-08-31,,REBATES                       ,2025-10-24,2025-10-22,KI,"77",SD11000000,"",,"0",2025-10-22,REMAN,SODISAP,"158"
"42C9266D-5DF6-44AE-A9A2-384BD6BA8CF5","2005",2025-08-31,Fill Rate Agosto 2025,"08-Fill Rats 08-000751169-25M",MXN,1.0000,D,"2001000001","20859",5317.19,"9502",C001,2025-08-31,,REBATES                       ,2025-10-24,2025-10-22,KI,"77",SD11000000,"",,"0",2025-10-22,REMAN,SODISAP,"158"
"8ED3807F-5489-4B69-9CCE-6C817A27A556","2005",2025-08-31,Fill Rate Agosto 2025,"08-Fill Rats 08-000751169-25M",MXN,1.0000,C,"5801011003","20859",4583.78,"9502",C001,2025-08-31,,REBATES                       ,2025-10-24,2025-10-22,KI,"77",SD11000000,"",,"0",2025-10-22,REMAN,SODISAP,"158"
"040FF211-A013-48CF-B2F0-87C6C2E6E897","2005",2025-08-31,Fill Rate Agosto 2025,"08-Fill Rats 08-000751169-25M",MXN,1.0000,C,"1008030201","20859",733.41,"9502",C001,2025-08-31,,REBATES                       ,2025-10-24,2025-10-22,KI,"77",SD11000000,"",,"0",2025-10-22,REMAN,SODISAP,"158"
"0BA75D12-E8BD-4F99-90E9-89F7E8A442B1","2005",2025-08-31,Fill Rate Agosto 2025,"08-Fill Rats 08-000751169-25M",MXN,1.0000,D,"2001000001","252046",16317.63,"9502",C001,2025-08-31,,REBATES                       ,2025-10-24,2025-10-22,KI,"77",SD11000000,"",,"0",2025-10-22,REMAN,SODISAP,"158"
B9145004-102F-4C97-ABFD-A3DF0A68EB44,"2005",2025-08-31,Fill Rate Agosto 2025,"08-Fill Rats 08-000751169-25M",MXN,1.0000,C,"5801011003","252046",14066.92,"9502",C001,2025-08-31,,REBATES                       ,2025-10-24,2025-10-22,KI,"77",SD11000000,"",,"0",2025-10-22,REMAN,SODISAP,"158"
"5BCCE000-51DB-4D14-A780-27A6C000D44D","2005",2025-08-31,Fill Rate Agosto 2025,"08-Fill Rats 08-000751169-25M",MXN,1.0000,C,"1008030201","252046",2250.71,"9502",C001,2025-08-31,,REBATES                       ,2025-10-24,2025-10-22,KI,"77",SD11000000,"",,"0",2025-10-22,REMAN,SODISAP,"158"
