"file","line","rule","severity","type","impacts","effort","message","status","key"
"src/main/java/com/sodimac/facturacion/util/UtilsXsl.java","16","java:S7158","MINOR","CODE_SMELL","MAINTAINABILITY=LOW","2min","Use isEmpty() to check whether a string is empty or not.","OPEN","b9c11d16-8819-44e7-89c9-4b99a56fa34e"
"src/main/java/com/sodimac/facturacion/util/UtilsXsl.java","33","java:S7158","MINOR","CODE_SMELL","MAINTAINABILITY=LOW","2min","Use isEmpty() to check whether a string is empty or not.","OPEN","7823214a-a35a-40d7-8e74-3facf4f160cb"
"src/main/java/com/sodimac/facturacion/util/UtilsXsl.java","43","java:S1197","MINOR","CODE_SMELL","MAINTAINABILITY=LOW","5min","Move the array designators [] to the type.","OPEN","636773b0-dd46-4fea-b47d-a0dbc0cae399"
"src/main/java/com/sodimac/facturacion/util/UtilsXsl.java","46","java:S106","MAJOR","CODE_SMELL","MAINTAINABILITY=MEDIUM","10min","Replace this use of System.out by a logger.","OPEN","f1410f64-46db-430b-9911-c386fe57ac0e"
"src/main/java/com/sodimac/fiscal/api/config/CorsConfigurer.java","20","java:S1135","INFO","CODE_SMELL","MAINTAINABILITY=LOW","0min","Complete the task associated to this TODO comment.","OPEN","1200facf-23f3-4e50-b82f-3cfc6b5d5d32"
"src/main/java/com/sodimac/fiscal/api/controller/FiscalValidationController.java","61","java:S100","MINOR","CODE_SMELL","MAINTAINABILITY=LOW","5min","Rename this method name to match the regular expression '^[a-z][a-zA-Z0-9]*$'.","OPEN","b8960386-fe94-4bbe-bc3f-53ec3bb13364"
"src/main/java/com/sodimac/fiscal/api/controller/FiscalXmlProcessorController.java","96","java:S1874","MINOR","CODE_SMELL","MAINTAINABILITY=LOW","15min","Remove this use of ""throwError""; it is deprecated.","OPEN","055df792-6059-4ee0-b96c-73e306e6e5a8"
"src/main/java/com/sodimac/fiscal/api/controller/FiscalXmlProcessorController.java","124","java:S1874","MINOR","CODE_SMELL","MAINTAINABILITY=LOW","15min","Remove this use of ""throwError""; it is deprecated.","OPEN","38fa785b-70a9-457e-a8f5-687612cd9c90"
"src/main/java/com/sodimac/fiscal/api/controller/FiscalXmlProcessorController.java","128","java:S1874","MINOR","CODE_SMELL","MAINTAINABILITY=LOW","15min","Remove this use of ""throwError""; it is deprecated.","OPEN","5e572414-d826-418e-b455-3ccd9d20a686"
"src/main/java/com/sodimac/fiscal/api/controller/FiscalXmlProcessorController.java","139","java:S1874","MINOR","CODE_SMELL","MAINTAINABILITY=LOW","15min","Remove this use of ""throwError""; it is deprecated.","OPEN","2e3f7180-16e1-44a6-9ddf-8c73d595d5aa"
"src/main/java/com/sodimac/fiscal/api/controller/FiscalXmlProcessorController.java","169","java:S1874","MINOR","CODE_SMELL","MAINTAINABILITY=LOW","15min","Remove this use of ""throwError""; it is deprecated.","OPEN","feb1f80c-89d1-47b9-ab0f-a63d3e6657a1"
"src/main/java/com/sodimac/fiscal/api/controller/FiscalXmlProcessorController.java","202","java:S1192","CRITICAL","CODE_SMELL","MAINTAINABILITY=HIGH","8min","Define a constant instead of duplicating this literal ""message"" 3 times.","OPEN","a0b13b76-afd9-4c64-adff-a1f53a0c0d6b"
"src/main/java/com/sodimac/fiscal/api/controller/InvoiceController.java","537","java:S1192","CRITICAL","CODE_SMELL","MAINTAINABILITY=HIGH","14min","Define a constant instead of duplicating this literal ""attachment"" 6 times.","OPEN","698ee67e-aa25-4d34-bdf8-f5744706d8c3"
"src/main/java/com/sodimac/fiscal/api/controller/InvoiceController.java","925","java:S1192","CRITICAL","CODE_SMELL","MAINTAINABILITY=HIGH","8min","Define a constant instead of duplicating this literal ""yyyyMMdd_HHmmss"" 3 times.","OPEN","35e2a0c3-2496-4e78-a87b-af75a605cb6d"
"src/main/java/com/sodimac/fiscal/api/controller/InvoiceController.java","926","java:S1192","CRITICAL","CODE_SMELL","MAINTAINABILITY=HIGH","8min","Define a constant instead of duplicating this literal ""Facturas"" 3 times.","OPEN","9028630c-6b0c-49cb-9f7b-04c8c9138a82"
"src/main/java/com/sodimac/fiscal/api/detecno/wsdl/ObjectFactory.java","31","java:S1124","MINOR","CODE_SMELL","MAINTAINABILITY=LOW","2min","Reorder the modifiers to comply with the Java Language Specification.","OPEN","04390b45-c2ce-4f72-8ee0-ccce8fa7b6ce"
"src/main/java/com/sodimac/fiscal/api/detecno/wsdl/ObjectFactory.java","31","java:S1192","CRITICAL","CODE_SMELL","MAINTAINABILITY=HIGH","26min","Define a constant instead of duplicating this literal ""http://schemas.datacontract.org/2004/07/cfdiWcfRecepcion_Servicio"" 12 times.","OPEN","b03a1b6f-a9fa-4d59-ad38-96b810232e20"
"src/main/java/com/sodimac/fiscal/api/detecno/wsdl/ObjectFactory.java","32","java:S1124","MINOR","CODE_SMELL","MAINTAINABILITY=LOW","2min","Reorder the modifiers to comply with the Java Language Specification.","OPEN","fb80267c-55e2-4044-a49b-82625318c983"
"src/main/java/com/sodimac/fiscal/api/detecno/wsdl/ObjectFactory.java","32","java:S1192","CRITICAL","CODE_SMELL","MAINTAINABILITY=HIGH","44min","Define a constant instead of duplicating this literal ""http://schemas.microsoft.com/2003/10/Serialization/"" 21 times.","OPEN","3540a1ad-4835-4ceb-8084-d482c7c82603"
"src/main/java/com/sodimac/fiscal/api/detecno/wsdl/ObjectFactory.java","33","java:S1124","MINOR","CODE_SMELL","MAINTAINABILITY=LOW","2min","Reorder the modifiers to comply with the Java Language Specification.","OPEN","e77e3368-554a-42bb-bc7a-ac220a74bdad"
"src/main/java/com/sodimac/fiscal/api/detecno/wsdl/ObjectFactory.java","34","java:S1124","MINOR","CODE_SMELL","MAINTAINABILITY=LOW","2min","Reorder the modifiers to comply with the Java Language Specification.","OPEN","75474ea1-0fd9-4e62-82d5-2b03926db924"
"src/main/java/com/sodimac/fiscal/api/detecno/wsdl/ObjectFactory.java","35","java:S1124","MINOR","CODE_SMELL","MAINTAINABILITY=LOW","2min","Reorder the modifiers to comply with the Java Language Specification.","OPEN","b768527c-0d7f-4608-9451-d3c5473c7fb3"
"src/main/java/com/sodimac/fiscal/api/detecno/wsdl/ObjectFactory.java","36","java:S1124","MINOR","CODE_SMELL","MAINTAINABILITY=LOW","2min","Reorder the modifiers to comply with the Java Language Specification.","OPEN","09bfff9a-3f33-4290-a096-5bb26ea7d031"
"src/main/java/com/sodimac/fiscal/api/detecno/wsdl/ObjectFactory.java","37","java:S1124","MINOR","CODE_SMELL","MAINTAINABILITY=LOW","2min","Reorder the modifiers to comply with the Java Language Specification.","OPEN","75293774-0221-4f45-98ee-1de5eb5943ee"
"src/main/java/com/sodimac/fiscal/api/detecno/wsdl/ObjectFactory.java","38","java:S1124","MINOR","CODE_SMELL","MAINTAINABILITY=LOW","2min","Reorder the modifiers to comply with the Java Language Specification.","OPEN","f454c8e6-4a15-4e41-b0b6-f5116810f53e"
"src/main/java/com/sodimac/fiscal/api/detecno/wsdl/ObjectFactory.java","39","java:S1124","MINOR","CODE_SMELL","MAINTAINABILITY=LOW","2min","Reorder the modifiers to comply with the Java Language Specification.","OPEN","21872e78-02be-4d15-809e-3f97b94f9933"
"src/main/java/com/sodimac/fiscal/api/detecno/wsdl/ObjectFactory.java","40","java:S1124","MINOR","CODE_SMELL","MAINTAINABILITY=LOW","2min","Reorder the modifiers to comply with the Java Language Specification.","OPEN","c91ee189-2c7e-468c-bb9d-679b20900821"
"src/main/java/com/sodimac/fiscal/api/detecno/wsdl/ObjectFactory.java","41","java:S1124","MINOR","CODE_SMELL","MAINTAINABILITY=LOW","2min","Reorder the modifiers to comply with the Java Language Specification.","OPEN","f54de831-6681-478a-aa32-d3acd41d5736"
"src/main/java/com/sodimac/fiscal/api/detecno/wsdl/ObjectFactory.java","42","java:S1124","MINOR","CODE_SMELL","MAINTAINABILITY=LOW","2min","Reorder the modifiers to comply with the Java Language Specification.","OPEN","4d96cb84-5998-4a4b-9150-06d9106f8aba"
"src/main/java/com/sodimac/fiscal/api/detecno/wsdl/ObjectFactory.java","43","java:S1124","MINOR","CODE_SMELL","MAINTAINABILITY=LOW","2min","Reorder the modifiers to comply with the Java Language Specification.","OPEN","802726f2-11ff-41b1-82bd-22d49762fe38"
"src/main/java/com/sodimac/fiscal/api/detecno/wsdl/ObjectFactory.java","44","java:S1124","MINOR","CODE_SMELL","MAINTAINABILITY=LOW","2min","Reorder the modifiers to comply with the Java Language Specification.","OPEN","cf8c046f-4a2c-4c4b-945e-fa135c6b5ea4"
"src/main/java/com/sodimac/fiscal/api/detecno/wsdl/ObjectFactory.java","45","java:S1124","MINOR","CODE_SMELL","MAINTAINABILITY=LOW","2min","Reorder the modifiers to comply with the Java Language Specification.","OPEN","c2fd88c8-eef0-449d-aa02-921b346ff0b0"
"src/main/java/com/sodimac/fiscal/api/detecno/wsdl/ObjectFactory.java","46","java:S1124","MINOR","CODE_SMELL","MAINTAINABILITY=LOW","2min","Reorder the modifiers to comply with the Java Language Specification.","OPEN","027e0b8a-8161-414b-b424-79797134b822"
"src/main/java/com/sodimac/fiscal/api/detecno/wsdl/ObjectFactory.java","47","java:S1124","MINOR","CODE_SMELL","MAINTAINABILITY=LOW","2min","Reorder the modifiers to comply with the Java Language Specification.","OPEN","217ed17e-db6a-494e-8b68-c28181de64f0"
"src/main/java/com/sodimac/fiscal/api/detecno/wsdl/ObjectFactory.java","48","java:S1124","MINOR","CODE_SMELL","MAINTAINABILITY=LOW","2min","Reorder the modifiers to comply with the Java Language Specification.","OPEN","7cb79317-30a5-422a-a2e0-97708fd4bc03"
"src/main/java/com/sodimac/fiscal/api/detecno/wsdl/ObjectFactory.java","49","java:S1124","MINOR","CODE_SMELL","MAINTAINABILITY=LOW","2min","Reorder the modifiers to comply with the Java Language Specification.","OPEN","90358610-9daf-46e8-b5bf-7412a611e902"
"src/main/java/com/sodimac/fiscal/api/detecno/wsdl/ObjectFactory.java","50","java:S1124","MINOR","CODE_SMELL","MAINTAINABILITY=LOW","2min","Reorder the modifiers to comply with the Java Language Specification.","OPEN","e75721e0-0437-4615-801b-900e3b6fc8b1"
"src/main/java/com/sodimac/fiscal/api/detecno/wsdl/ObjectFactory.java","51","java:S1124","MINOR","CODE_SMELL","MAINTAINABILITY=LOW","2min","Reorder the modifiers to comply with the Java Language Specification.","OPEN","50e825d8-d80d-4900-b2c9-98175be22278"
"src/main/java/com/sodimac/fiscal/api/detecno/wsdl/ObjectFactory.java","52","java:S1124","MINOR","CODE_SMELL","MAINTAINABILITY=LOW","2min","Reorder the modifiers to comply with the Java Language Specification.","OPEN","b239ab15-64f6-44c7-9d82-a28fb43d2b05"
"src/main/java/com/sodimac/fiscal/api/detecno/wsdl/ObjectFactory.java","53","java:S1124","MINOR","CODE_SMELL","MAINTAINABILITY=LOW","2min","Reorder the modifiers to comply with the Java Language Specification.","OPEN","99e072ef-e900-462e-8d59-88aebbf51f8e"
"src/main/java/com/sodimac/fiscal/api/detecno/wsdl/ObjectFactory.java","53","java:S1192","CRITICAL","CODE_SMELL","MAINTAINABILITY=HIGH","14min","Define a constant instead of duplicating this literal ""http://tempuri.org/"" 6 times.","OPEN","81ab5e03-f73e-4255-87b7-4d1e2ed25a1c"
"src/main/java/com/sodimac/fiscal/api/detecno/wsdl/ObjectFactory.java","54","java:S1124","MINOR","CODE_SMELL","MAINTAINABILITY=LOW","2min","Reorder the modifiers to comply with the Java Language Specification.","OPEN","85829d21-7af9-49e3-80b4-a7ba5c856c8f"
"src/main/java/com/sodimac/fiscal/api/detecno/wsdl/ObjectFactory.java","55","java:S1124","MINOR","CODE_SMELL","MAINTAINABILITY=LOW","2min","Reorder the modifiers to comply with the Java Language Specification.","OPEN","99877605-0f6d-447b-a0e0-7d67e2317992"
"src/main/java/com/sodimac/fiscal/api/detecno/wsdl/ObjectFactory.java","56","java:S1124","MINOR","CODE_SMELL","MAINTAINABILITY=LOW","2min","Reorder the modifiers to comply with the Java Language Specification.","OPEN","3bb7ee00-47b1-4f0a-84f0-ce1c95b9f25c"
"src/main/java/com/sodimac/fiscal/api/detecno/wsdl/ObjectFactory.java","57","java:S1124","MINOR","CODE_SMELL","MAINTAINABILITY=LOW","2min","Reorder the modifiers to comply with the Java Language Specification.","OPEN","04c0ed52-55bf-4902-9958-4af2d3bcf4dc"
"src/main/java/com/sodimac/fiscal/api/detecno/wsdl/ObjectFactory.java","58","java:S1124","MINOR","CODE_SMELL","MAINTAINABILITY=LOW","2min","Reorder the modifiers to comply with the Java Language Specification.","OPEN","1d627a7c-42d9-4aa0-bbf3-7b265ebdd71b"
"src/main/java/com/sodimac/fiscal/api/detecno/wsdl/ObjectFactory.java","59","java:S1124","MINOR","CODE_SMELL","MAINTAINABILITY=LOW","2min","Reorder the modifiers to comply with the Java Language Specification.","OPEN","c4e3ba72-c72f-4e0d-8fe7-e31748e7dc41"
"src/main/java/com/sodimac/fiscal/api/detecno/wsdl/ObjectFactory.java","60","java:S1124","MINOR","CODE_SMELL","MAINTAINABILITY=LOW","2min","Reorder the modifiers to comply with the Java Language Specification.","OPEN","2303e2d8-58e4-4b64-8229-2fc7cbdf321a"
"src/main/java/com/sodimac/fiscal/api/detecno/wsdl/ObjectFactory.java","61","java:S1124","MINOR","CODE_SMELL","MAINTAINABILITY=LOW","2min","Reorder the modifiers to comply with the Java Language Specification.","OPEN","b60c8d59-2e96-4fc5-8894-55063a9e6e24"
"src/main/java/com/sodimac/fiscal/api/detecno/wsdl/ObjectFactory.java","62","java:S1124","MINOR","CODE_SMELL","MAINTAINABILITY=LOW","2min","Reorder the modifiers to comply with the Java Language Specification.","OPEN","82a0769b-01d2-4a79-acf6-7558d5d65397"
"src/main/java/com/sodimac/fiscal/api/detecno/wsdl/ObjectFactory.java","63","java:S1124","MINOR","CODE_SMELL","MAINTAINABILITY=LOW","2min","Reorder the modifiers to comply with the Java Language Specification.","OPEN","69adcf5d-8e7f-4e85-9e19-8cf14fbbeee9"
"src/main/java/com/sodimac/fiscal/api/detecno/wsdl/ObjectFactory.java","64","java:S1124","MINOR","CODE_SMELL","MAINTAINABILITY=LOW","2min","Reorder the modifiers to comply with the Java Language Specification.","OPEN","71d77970-ad4e-4d70-8852-cf720f92ceff"
"src/main/java/com/sodimac/fiscal/api/detecno/wsdl/ObjectFactory.java","65","java:S1124","MINOR","CODE_SMELL","MAINTAINABILITY=LOW","2min","Reorder the modifiers to comply with the Java Language Specification.","OPEN","acb3bd14-8bfd-478d-a72f-2d1fe44a6cfa"
"src/main/java/com/sodimac/fiscal/api/detecno/wsdl/ObjectFactory.java","66","java:S1124","MINOR","CODE_SMELL","MAINTAINABILITY=LOW","2min","Reorder the modifiers to comply with the Java Language Specification.","OPEN","11a348a3-3a70-49ed-a8b4-e432e9f5c049"
"src/main/java/com/sodimac/fiscal/api/detecno/wsdl/ObjectFactory.java","67","java:S1124","MINOR","CODE_SMELL","MAINTAINABILITY=LOW","2min","Reorder the modifiers to comply with the Java Language Specification.","OPEN","1821eb2c-bee0-4b3d-a16d-ff4f5259a536"
"src/main/java/com/sodimac/fiscal/api/detecno/wsdl/ObjectFactory.java","68","java:S1124","MINOR","CODE_SMELL","MAINTAINABILITY=LOW","2min","Reorder the modifiers to comply with the Java Language Specification.","OPEN","a2f94303-3c40-46b6-bf04-8aeaf76c165b"
"src/main/java/com/sodimac/fiscal/api/detecno/wsdl/ObjectFactory.java","69","java:S1124","MINOR","CODE_SMELL","MAINTAINABILITY=LOW","2min","Reorder the modifiers to comply with the Java Language Specification.","OPEN","3d7f65e8-1539-4ca2-a517-9e824260e7e2"
"src/main/java/com/sodimac/fiscal/api/detecno/wsdl/ObjectFactory.java","75","java:S1186","CRITICAL","CODE_SMELL","MAINTAINABILITY=HIGH","5min","Add a nested comment explaining why this method is empty, throw an UnsupportedOperationException or complete the implementation.","OPEN","b31de29e-e506-4703-bf13-a4c5d8523b1b"
"src/main/java/com/sodimac/fiscal/api/detecno/wsdl/ObjectFactory.java","136","java:S2293","MINOR","CODE_SMELL","MAINTAINABILITY=LOW","1min","Replace the type specification in this constructor call with the diamond operator (""<>""). (sonar.java.source not set. Assuming 7 or greater.)","OPEN","04d99ea3-49a4-47f0-b801-36b1c0bab4fa"
"src/main/java/com/sodimac/fiscal/api/detecno/wsdl/ObjectFactory.java","149","java:S2293","MINOR","CODE_SMELL","MAINTAINABILITY=LOW","1min","Replace the type specification in this constructor call with the diamond operator (""<>""). (sonar.java.source not set. Assuming 7 or greater.)","OPEN","11a8e41a-3963-47ea-a886-99bff236f3b7"
"src/main/java/com/sodimac/fiscal/api/detecno/wsdl/ObjectFactory.java","162","java:S2293","MINOR","CODE_SMELL","MAINTAINABILITY=LOW","1min","Replace the type specification in this constructor call with the diamond operator (""<>""). (sonar.java.source not set. Assuming 7 or greater.)","OPEN","77589cf1-87b4-4819-bef4-d61d88ae6f0a"
"src/main/java/com/sodimac/fiscal/api/detecno/wsdl/ObjectFactory.java","175","java:S2293","MINOR","CODE_SMELL","MAINTAINABILITY=LOW","1min","Replace the type specification in this constructor call with the diamond operator (""<>""). (sonar.java.source not set. Assuming 7 or greater.)","OPEN","f35d2c74-81fe-45da-a0b4-e594998a2f8e"
"src/main/java/com/sodimac/fiscal/api/detecno/wsdl/ObjectFactory.java","188","java:S2293","MINOR","CODE_SMELL","MAINTAINABILITY=LOW","1min","Replace the type specification in this constructor call with the diamond operator (""<>""). (sonar.java.source not set. Assuming 7 or greater.)","OPEN","e955c860-185a-4fa7-ba38-910d22f205a0"
"src/main/java/com/sodimac/fiscal/api/detecno/wsdl/ObjectFactory.java","201","java:S2293","MINOR","CODE_SMELL","MAINTAINABILITY=LOW","1min","Replace the type specification in this constructor call with the diamond operator (""<>""). (sonar.java.source not set. Assuming 7 or greater.)","OPEN","6710e6b7-86f9-4cf6-8c4f-91f60b9b860f"
"src/main/java/com/sodimac/fiscal/api/detecno/wsdl/ObjectFactory.java","214","java:S2293","MINOR","CODE_SMELL","MAINTAINABILITY=LOW","1min","Replace the type specification in this constructor call with the diamond operator (""<>""). (sonar.java.source not set. Assuming 7 or greater.)","OPEN","a45b389a-cc0d-4445-9f35-7bc24a52c84f"
"src/main/java/com/sodimac/fiscal/api/detecno/wsdl/ObjectFactory.java","227","java:S2293","MINOR","CODE_SMELL","MAINTAINABILITY=LOW","1min","Replace the type specification in this constructor call with the diamond operator (""<>""). (sonar.java.source not set. Assuming 7 or greater.)","OPEN","558d4c54-f2d1-4a7b-96bf-032ad7895fd3"
"src/main/java/com/sodimac/fiscal/api/detecno/wsdl/ObjectFactory.java","240","java:S2293","MINOR","CODE_SMELL","MAINTAINABILITY=LOW","1min","Replace the type specification in this constructor call with the diamond operator (""<>""). (sonar.java.source not set. Assuming 7 or greater.)","OPEN","1185331e-4496-4975-bab4-dbc12cb68a5b"
"src/main/java/com/sodimac/fiscal/api/detecno/wsdl/ObjectFactory.java","253","java:S2293","MINOR","CODE_SMELL","MAINTAINABILITY=LOW","1min","Replace the type specification in this constructor call with the diamond operator (""<>""). (sonar.java.source not set. Assuming 7 or greater.)","OPEN","b0102133-8636-49af-b589-c88061135f5a"
"src/main/java/com/sodimac/fiscal/api/detecno/wsdl/ObjectFactory.java","266","java:S2293","MINOR","CODE_SMELL","MAINTAINABILITY=LOW","1min","Replace the type specification in this constructor call with the diamond operator (""<>""). (sonar.java.source not set. Assuming 7 or greater.)","OPEN","c2c5f36d-9d0a-45ef-a113-96c0043914bc"
"src/main/java/com/sodimac/fiscal/api/detecno/wsdl/ObjectFactory.java","279","java:S2293","MINOR","CODE_SMELL","MAINTAINABILITY=LOW","1min","Replace the type specification in this constructor call with the diamond operator (""<>""). (sonar.java.source not set. Assuming 7 or greater.)","OPEN","17b095ab-6ac1-472a-b9a9-31192afe1969"
"src/main/java/com/sodimac/fiscal/api/detecno/wsdl/ObjectFactory.java","292","java:S2293","MINOR","CODE_SMELL","MAINTAINABILITY=LOW","1min","Replace the type specification in this constructor call with the diamond operator (""<>""). (sonar.java.source not set. Assuming 7 or greater.)","OPEN","2a0b7f62-fb34-4bc0-ad16-a33b8ee10c92"
"src/main/java/com/sodimac/fiscal/api/detecno/wsdl/ObjectFactory.java","305","java:S2293","MINOR","CODE_SMELL","MAINTAINABILITY=LOW","1min","Replace the type specification in this constructor call with the diamond operator (""<>""). (sonar.java.source not set. Assuming 7 or greater.)","OPEN","8b0229ee-379b-43cb-8f4e-f6167cb794c1"
"src/main/java/com/sodimac/fiscal/api/detecno/wsdl/ObjectFactory.java","318","java:S2293","MINOR","CODE_SMELL","MAINTAINABILITY=LOW","1min","Replace the type specification in this constructor call with the diamond operator (""<>""). (sonar.java.source not set. Assuming 7 or greater.)","OPEN","00f2d725-9e02-4a15-a8b3-6516d44f1be5"
"src/main/java/com/sodimac/fiscal/api/detecno/wsdl/ObjectFactory.java","331","java:S2293","MINOR","CODE_SMELL","MAINTAINABILITY=LOW","1min","Replace the type specification in this constructor call with the diamond operator (""<>""). (sonar.java.source not set. Assuming 7 or greater.)","OPEN","0754baaf-71ad-4565-8f7a-537c914382df"
"src/main/java/com/sodimac/fiscal/api/detecno/wsdl/ObjectFactory.java","344","java:S2293","MINOR","CODE_SMELL","MAINTAINABILITY=LOW","1min","Replace the type specification in this constructor call with the diamond operator (""<>""). (sonar.java.source not set. Assuming 7 or greater.)","OPEN","f43b4386-23e1-4145-9b36-70f365fc7ea0"
"src/main/java/com/sodimac/fiscal/api/detecno/wsdl/ObjectFactory.java","357","java:S2293","MINOR","CODE_SMELL","MAINTAINABILITY=LOW","1min","Replace the type specification in this constructor call with the diamond operator (""<>""). (sonar.java.source not set. Assuming 7 or greater.)","OPEN","9744b557-428c-4901-a6c6-fbaf0e1700ba"
"src/main/java/com/sodimac/fiscal/api/detecno/wsdl/ObjectFactory.java","370","java:S2293","MINOR","CODE_SMELL","MAINTAINABILITY=LOW","1min","Replace the type specification in this constructor call with the diamond operator (""<>""). (sonar.java.source not set. Assuming 7 or greater.)","OPEN","ecbe78c9-7b01-42a1-bfad-25eb721eea25"
"src/main/java/com/sodimac/fiscal/api/detecno/wsdl/ObjectFactory.java","383","java:S2293","MINOR","CODE_SMELL","MAINTAINABILITY=LOW","1min","Replace the type specification in this constructor call with the diamond operator (""<>""). (sonar.java.source not set. Assuming 7 or greater.)","OPEN","2a8ee69c-6e23-4499-82fb-2de619039557"
"src/main/java/com/sodimac/fiscal/api/detecno/wsdl/ObjectFactory.java","396","java:S2293","MINOR","CODE_SMELL","MAINTAINABILITY=LOW","1min","Replace the type specification in this constructor call with the diamond operator (""<>""). (sonar.java.source not set. Assuming 7 or greater.)","OPEN","7fdfc924-fc95-4a56-9686-58ca28cbf785"
"src/main/java/com/sodimac/fiscal/api/detecno/wsdl/ObjectFactory.java","409","java:S2293","MINOR","CODE_SMELL","MAINTAINABILITY=LOW","1min","Replace the type specification in this constructor call with the diamond operator (""<>""). (sonar.java.source not set. Assuming 7 or greater.)","OPEN","74774d66-bdef-44d1-a7ef-6e918d9e2f68"
"src/main/java/com/sodimac/fiscal/api/detecno/wsdl/ObjectFactory.java","422","java:S2293","MINOR","CODE_SMELL","MAINTAINABILITY=LOW","1min","Replace the type specification in this constructor call with the diamond operator (""<>""). (sonar.java.source not set. Assuming 7 or greater.)","OPEN","0fd5647d-a99f-4363-8c30-aebb52a7ca32"
"src/main/java/com/sodimac/fiscal/api/detecno/wsdl/ObjectFactory.java","435","java:S2293","MINOR","CODE_SMELL","MAINTAINABILITY=LOW","1min","Replace the type specification in this constructor call with the diamond operator (""<>""). (sonar.java.source not set. Assuming 7 or greater.)","OPEN","eda842a5-1d91-4146-98a1-6a1522044d8d"
"src/main/java/com/sodimac/fiscal/api/detecno/wsdl/ObjectFactory.java","448","java:S2293","MINOR","CODE_SMELL","MAINTAINABILITY=LOW","1min","Replace the type specification in this constructor call with the diamond operator (""<>""). (sonar.java.source not set. Assuming 7 or greater.)","OPEN","f4e131a7-2853-482b-a26c-e79a7bd7964e"
"src/main/java/com/sodimac/fiscal/api/detecno/wsdl/ObjectFactory.java","461","java:S2293","MINOR","CODE_SMELL","MAINTAINABILITY=LOW","1min","Replace the type specification in this constructor call with the diamond operator (""<>""). (sonar.java.source not set. Assuming 7 or greater.)","OPEN","6948b162-2830-4e0f-aee8-37a2c7a32378"
"src/main/java/com/sodimac/fiscal/api/detecno/wsdl/ObjectFactory.java","474","java:S2293","MINOR","CODE_SMELL","MAINTAINABILITY=LOW","1min","Replace the type specification in this constructor call with the diamond operator (""<>""). (sonar.java.source not set. Assuming 7 or greater.)","OPEN","658414f8-33af-43f8-86de-20539ed5e536"
"src/main/java/com/sodimac/fiscal/api/detecno/wsdl/ObjectFactory.java","487","java:S2293","MINOR","CODE_SMELL","MAINTAINABILITY=LOW","1min","Replace the type specification in this constructor call with the diamond operator (""<>""). (sonar.java.source not set. Assuming 7 or greater.)","OPEN","8358aeb1-ff68-44c5-ac39-6bc7c27de656"
"src/main/java/com/sodimac/fiscal/api/detecno/wsdl/ObjectFactory.java","500","java:S2293","MINOR","CODE_SMELL","MAINTAINABILITY=LOW","1min","Replace the type specification in this constructor call with the diamond operator (""<>""). (sonar.java.source not set. Assuming 7 or greater.)","OPEN","eb3fc6f8-eedd-4e9d-9c0e-255a314f7bce"
"src/main/java/com/sodimac/fiscal/api/detecno/wsdl/ObjectFactory.java","513","java:S2293","MINOR","CODE_SMELL","MAINTAINABILITY=LOW","1min","Replace the type specification in this constructor call with the diamond operator (""<>""). (sonar.java.source not set. Assuming 7 or greater.)","OPEN","71906bf0-7121-4d79-826e-37beb2945a6f"
"src/main/java/com/sodimac/fiscal/api/detecno/wsdl/ObjectFactory.java","526","java:S2293","MINOR","CODE_SMELL","MAINTAINABILITY=LOW","1min","Replace the type specification in this constructor call with the diamond operator (""<>""). (sonar.java.source not set. Assuming 7 or greater.)","OPEN","7bd8230a-c52f-4902-b89b-c49737c9297a"
"src/main/java/com/sodimac/fiscal/api/detecno/wsdl/ObjectFactory.java","539","java:S2293","MINOR","CODE_SMELL","MAINTAINABILITY=LOW","1min","Replace the type specification in this constructor call with the diamond operator (""<>""). (sonar.java.source not set. Assuming 7 or greater.)","OPEN","19ddeedd-490d-472f-bd14-a51beec2bc42"
"src/main/java/com/sodimac/fiscal/api/detecno/wsdl/ObjectFactory.java","552","java:S2293","MINOR","CODE_SMELL","MAINTAINABILITY=LOW","1min","Replace the type specification in this constructor call with the diamond operator (""<>""). (sonar.java.source not set. Assuming 7 or greater.)","OPEN","1ce545f7-95dd-421d-aac8-b714bdfa8256"
"src/main/java/com/sodimac/fiscal/api/detecno/wsdl/ObjectFactory.java","565","java:S2293","MINOR","CODE_SMELL","MAINTAINABILITY=LOW","1min","Replace the type specification in this constructor call with the diamond operator (""<>""). (sonar.java.source not set. Assuming 7 or greater.)","OPEN","4946eaa1-a7d6-4ca5-aa63-c084b715bffb"
"src/main/java/com/sodimac/fiscal/api/detecno/wsdl/ObjectFactory.java","578","java:S2293","MINOR","CODE_SMELL","MAINTAINABILITY=LOW","1min","Replace the type specification in this constructor call with the diamond operator (""<>""). (sonar.java.source not set. Assuming 7 or greater.)","OPEN","68aaa281-9f36-4c8c-9c9a-f4d3d006ee78"
"src/main/java/com/sodimac/fiscal/api/detecno/wsdl/ObjectFactory.java","591","java:S2293","MINOR","CODE_SMELL","MAINTAINABILITY=LOW","1min","Replace the type specification in this constructor call with the diamond operator (""<>""). (sonar.java.source not set. Assuming 7 or greater.)","OPEN","404caf91-c324-43e8-be5f-72ee4081f9d8"
"src/main/java/com/sodimac/fiscal/api/detecno/wsdl/ObjectFactory.java","604","java:S2293","MINOR","CODE_SMELL","MAINTAINABILITY=LOW","1min","Replace the type specification in this constructor call with the diamond operator (""<>""). (sonar.java.source not set. Assuming 7 or greater.)","OPEN","02c1a7cb-e29d-4bba-862d-16599e114e96"
"src/main/java/com/sodimac/fiscal/api/detecno/wsdl/ObjectFactory.java","617","java:S2293","MINOR","CODE_SMELL","MAINTAINABILITY=LOW","1min","Replace the type specification in this constructor call with the diamond operator (""<>""). (sonar.java.source not set. Assuming 7 or greater.)","OPEN","2f0238bd-b6db-465e-9f63-917db88c540e"
"src/main/java/com/sodimac/fiscal/api/detecno/wsdl/ObjectFactory.java","630","java:S2293","MINOR","CODE_SMELL","MAINTAINABILITY=LOW","1min","Replace the type specification in this constructor call with the diamond operator (""<>""). (sonar.java.source not set. Assuming 7 or greater.)","OPEN","b30a1bea-9530-49be-bdaf-5437a8cff298"
"src/main/java/com/sodimac/fiscal/api/detecno/wsdl/Service1.java","25","java:S1124","MINOR","CODE_SMELL","MAINTAINABILITY=LOW","2min","Reorder the modifiers to comply with the Java Language Specification.","OPEN","386e838a-bc77-4efe-ba05-3d6853a797b3"
"src/main/java/com/sodimac/fiscal/api/detecno/wsdl/Service1.java","26","java:S1124","MINOR","CODE_SMELL","MAINTAINABILITY=LOW","2min","Reorder the modifiers to comply with the Java Language Specification.","OPEN","5e8cdca5-eff0-4cb1-81b9-d39586b8d07a"
"src/main/java/com/sodimac/fiscal/api/detecno/wsdl/Service1.java","27","java:S1124","MINOR","CODE_SMELL","MAINTAINABILITY=LOW","2min","Reorder the modifiers to comply with the Java Language Specification.","OPEN","d1e50762-9a65-4847-9b7e-bdda82aae0f3"
"src/main/java/com/sodimac/fiscal/api/detecno/wsdl/Service1.java","27","java:S1192","CRITICAL","CODE_SMELL","MAINTAINABILITY=HIGH","12min","Define a constant instead of duplicating this literal ""http://tempuri.org/"" 5 times.","OPEN","b40ce34f-cb36-457a-b019-462ca3ac3782"
"src/main/java/com/sodimac/fiscal/api/detecno/wsdl/Service1.java","109","java:S100","MINOR","CODE_SMELL","MAINTAINABILITY=LOW","5min","Rename this method name to match the regular expression '^[a-z][a-zA-Z0-9]*$'.","OPEN","cdad1206-1ac3-46d5-814b-7e21b3215653"
"src/main/java/com/sodimac/fiscal/api/exception/FiscalException.java","113","java:S1133","INFO","CODE_SMELL","MAINTAINABILITY=LOW","10min","Do not forget to remove this deprecated code someday.","OPEN","b977b0e6-cb04-43fa-ae16-6a18bacb093b"
"src/main/java/com/sodimac/fiscal/api/exception/FiscalException.java","113","java:S4144","MAJOR","CODE_SMELL","MAINTAINABILITY=MEDIUM","15min","Update this method so that its implementation is not identical to ""getMessageCode"" on line 105.","OPEN","51ed23c8-379b-4d06-b29a-df23699910d1"
"src/main/java/com/sodimac/fiscal/api/exception/GlobalExceptionHandler.java","70","java:S1192","CRITICAL","CODE_SMELL","MAINTAINABILITY=HIGH","10min","Define a constant instead of duplicating this literal ""timestamp"" 4 times.","OPEN","e1f6b311-f3ea-423e-89ce-b939baa26598"
"src/main/java/com/sodimac/fiscal/api/exception/GlobalExceptionHandler.java","71","java:S1192","CRITICAL","CODE_SMELL","MAINTAINABILITY=HIGH","10min","Define a constant instead of duplicating this literal ""status"" 4 times.","OPEN","32004e7a-b7a5-4d14-a4a1-78facc9a6ad7"
"src/main/java/com/sodimac/fiscal/api/exception/GlobalExceptionHandler.java","72","java:S1192","CRITICAL","CODE_SMELL","MAINTAINABILITY=HIGH","10min","Define a constant instead of duplicating this literal ""error"" 4 times.","OPEN","4bcebf71-3d24-47c8-863e-8e0221890dfb"
"src/main/java/com/sodimac/fiscal/api/exception/GlobalExceptionHandler.java","74","java:S1192","CRITICAL","CODE_SMELL","MAINTAINABILITY=HIGH","10min","Define a constant instead of duplicating this literal ""message"" 4 times.","OPEN","4b1633f3-efd2-478f-b3b9-2283d562c1c8"
"src/main/java/com/sodimac/fiscal/api/model/dto/AddendaUpdateDto.java","24","java:S1068","MAJOR","CODE_SMELL","MAINTAINABILITY=MEDIUM","5min","Remove this unused ""uuid"" private field.","OPEN","fb8cc64c-d76b-41ac-8815-9e5d981bc036"
"src/main/java/com/sodimac/fiscal/api/model/dto/AddendaUpdateDto.java","25","java:S1068","MAJOR","CODE_SMELL","MAINTAINABILITY=MEDIUM","5min","Remove this unused ""idProveedor"" private field.","OPEN","440f2a41-cd3e-4c93-a375-c0e80987a52a"
"src/main/java/com/sodimac/fiscal/api/model/dto/AddendaUpdateDto.java","26","java:S1068","MAJOR","CODE_SMELL","MAINTAINABILITY=MEDIUM","5min","Remove this unused ""serie"" private field.","OPEN","3e2e1aeb-6076-45d9-a922-2b1ba02ad27e"
"src/main/java/com/sodimac/fiscal/api/model/dto/AddendaUpdateDto.java","27","java:S1068","MAJOR","CODE_SMELL","MAINTAINABILITY=MEDIUM","5min","Remove this unused ""folio"" private field.","OPEN","93560662-8da9-4147-b754-f4c4231be98e"
"src/main/java/com/sodimac/fiscal/api/model/dto/AddendaUpdateDto.java","28","java:S1068","MAJOR","CODE_SMELL","MAINTAINABILITY=MEDIUM","5min","Remove this unused ""rfc"" private field.","OPEN","cd215eb3-9e69-4fcf-8fe9-563bcb3f65e5"
"src/main/java/com/sodimac/fiscal/api/model/dto/AddendaUpdateDto.java","29","java:S1068","MAJOR","CODE_SMELL","MAINTAINABILITY=MEDIUM","5min","Remove this unused ""tipoProveedor"" private field.","OPEN","e7e85048-de76-4f28-9533-e98000bd96f7"
"src/main/java/com/sodimac/fiscal/api/model/dto/AddendaUpdateDto.java","32","java:S1068","MAJOR","CODE_SMELL","MAINTAINABILITY=MEDIUM","5min","Remove this unused ""idGuiaEntrega"" private field.","OPEN","b8c0cb9a-daab-48e6-baff-100dc967fbc7"
"src/main/java/com/sodimac/fiscal/api/model/dto/AddendaUpdateDto.java","33","java:S1068","MAJOR","CODE_SMELL","MAINTAINABILITY=MEDIUM","5min","Remove this unused ""idViaje"" private field.","OPEN","d8a0407d-eb90-4918-b79e-989d89f70a23"
"src/main/java/com/sodimac/fiscal/api/model/dto/AddendaUpdateDto.java","34","java:S1068","MAJOR","CODE_SMELL","MAINTAINABILITY=MEDIUM","5min","Remove this unused ""noOc"" private field.","OPEN","c9c8d02e-5df6-4c3c-9dc4-1246ab038798"
"src/main/java/com/sodimac/fiscal/api/model/dto/AddendaUpdateDto.java","35","java:S1068","MAJOR","CODE_SMELL","MAINTAINABILITY=MEDIUM","5min","Remove this unused ""noRecepcion"" private field.","OPEN","be64cb59-8f8e-4bcc-937a-6ef3ab23ac3b"
"src/main/java/com/sodimac/fiscal/api/model/dto/AddendaUpdateDto.java","36","java:S1068","MAJOR","CODE_SMELL","MAINTAINABILITY=MEDIUM","5min","Remove this unused ""tipoAddenda"" private field.","OPEN","250d967d-5d80-4939-8c46-861456eda1e8"
"src/main/java/com/sodimac/fiscal/api/model/dto/AddendaUpdateDto.java","39","java:S1068","MAJOR","CODE_SMELL","MAINTAINABILITY=MEDIUM","5min","Remove this unused ""uuidNc"" private field.","OPEN","fc6fb08c-31d6-4218-a9dd-83850575f060"
"src/main/java/com/sodimac/fiscal/api/model/dto/AddendaUpdateDto.java","40","java:S1068","MAJOR","CODE_SMELL","MAINTAINABILITY=MEDIUM","5min","Remove this unused ""tipoNotaCredito"" private field.","OPEN","25e491e0-25e3-4bb6-b65a-f957e97cd674"
"src/main/java/com/sodimac/fiscal/api/model/dto/AddendumDto.java","15","java:S1068","MAJOR","CODE_SMELL","MAINTAINABILITY=MEDIUM","5min","Remove this unused ""addendumUuid"" private field.","OPEN","1b91476c-0f93-4fe8-a7db-3cd6656b1c5e"
"src/main/java/com/sodimac/fiscal/api/model/dto/AddendumDto.java","33","java:S1068","MAJOR","CODE_SMELL","MAINTAINABILITY=MEDIUM","5min","Remove this unused ""addendumContent"" private field.","OPEN","87260265-3e28-43c9-bc4b-cc08cd3fc463"
"src/main/java/com/sodimac/fiscal/api/model/dto/EquivalenceDrDto.java","15","java:S1068","MAJOR","CODE_SMELL","MAINTAINABILITY=MEDIUM","5min","Remove this unused ""equivalenceUuid"" private field.","OPEN","1104a9a7-be8e-4b68-b211-4985c63195bc"
"src/main/java/com/sodimac/fiscal/api/model/dto/FinanzasReceptionResponse.java","9","java:S1068","MAJOR","CODE_SMELL","MAINTAINABILITY=MEDIUM","5min","Remove this unused ""receptionId"" private field.","OPEN","151429e8-08ea-4f35-99d5-60e555ccede0"
"src/main/java/com/sodimac/fiscal/api/model/dto/FinanzasReceptionResponse.java","10","java:S1068","MAJOR","CODE_SMELL","MAINTAINABILITY=MEDIUM","5min","Remove this unused ""amount"" private field.","OPEN","7a897b9a-7c01-4528-bfe4-d30f7692c151"
"src/main/java/com/sodimac/fiscal/api/model/dto/InvoiceDto.java","17","java:S1068","MAJOR","CODE_SMELL","MAINTAINABILITY=MEDIUM","5min","Remove this unused ""invoiceUuid"" private field.","OPEN","4c2f4871-c995-4e60-a2e6-6c91639a6d14"
"src/main/java/com/sodimac/fiscal/api/model/dto/InvoiceDto.java","18","java:S1068","MAJOR","CODE_SMELL","MAINTAINABILITY=MEDIUM","5min","Remove this unused ""placeOfIssue"" private field.","OPEN","832b5489-7cf0-435b-bb0e-47e235ec754f"
"src/main/java/com/sodimac/fiscal/api/model/dto/InvoiceDto.java","19","java:S1068","MAJOR","CODE_SMELL","MAINTAINABILITY=MEDIUM","5min","Remove this unused ""paymentMethod"" private field.","OPEN","adc725e4-2799-48bf-ab3f-ce5d9ccd456a"
"src/main/java/com/sodimac/fiscal/api/model/dto/InvoiceDto.java","51","java:S1068","MAJOR","CODE_SMELL","MAINTAINABILITY=MEDIUM","5min","Remove this unused ""certificationDate"" private field.","OPEN","1c88e5a2-1d3b-4da7-b35f-2632ac1cac02"
"src/main/java/com/sodimac/fiscal/api/model/dto/InvoiceDto.java","52","java:S1068","MAJOR","CODE_SMELL","MAINTAINABILITY=MEDIUM","5min","Remove this unused ""folio"" private field.","OPEN","bbece9ea-fc47-4339-9e02-0aa5560a073c"
"src/main/java/com/sodimac/fiscal/api/model/dto/InvoiceDto.java","53","java:S1068","MAJOR","CODE_SMELL","MAINTAINABILITY=MEDIUM","5min","Remove this unused ""series"" private field.","OPEN","a808acf3-511f-4210-824b-9ef77daaca32"
"src/main/java/com/sodimac/fiscal/api/model/dto/InvoiceDto.java","54","java:S1068","MAJOR","CODE_SMELL","MAINTAINABILITY=MEDIUM","5min","Remove this unused ""version"" private field.","OPEN","e8244e4d-5e96-49fc-a059-00448c474ebf"
"src/main/java/com/sodimac/fiscal/api/model/dto/InvoiceDto.java","55","java:S1068","MAJOR","CODE_SMELL","MAINTAINABILITY=MEDIUM","5min","Remove this unused ""xmlContent"" private field.","OPEN","afd5306b-d595-450b-84b8-8a57a6f04048"
"src/main/java/com/sodimac/fiscal/api/model/dto/InvoiceDto.java","56","java:S1068","MAJOR","CODE_SMELL","MAINTAINABILITY=MEDIUM","5min","Remove this unused ""status"" private field.","OPEN","2dd334b1-e749-45d0-84ea-fc0a6adf5b94"
"src/main/java/com/sodimac/fiscal/api/model/dto/InvoiceDto.java","57","java:S1068","MAJOR","CODE_SMELL","MAINTAINABILITY=MEDIUM","5min","Remove this unused ""issuerUuid"" private field.","OPEN","124649d0-fa9f-4384-8c40-44a10b1644e0"
"src/main/java/com/sodimac/fiscal/api/model/dto/InvoiceDto.java","58","java:S1068","MAJOR","CODE_SMELL","MAINTAINABILITY=MEDIUM","5min","Remove this unused ""receiverUuid"" private field.","OPEN","2893476a-3d95-4c7b-abf9-8569e5d98e3d"
"src/main/java/com/sodimac/fiscal/api/model/dto/InvoiceRegistrationResponse.java","28","java:S1068","MAJOR","CODE_SMELL","MAINTAINABILITY=MEDIUM","5min","Remove this unused ""code"" private field.","OPEN","50d85b96-34b0-4469-93d0-0c94bc8384bb"
"src/main/java/com/sodimac/fiscal/api/model/dto/InvoiceRegistrationResponse.java","33","java:S1068","MAJOR","CODE_SMELL","MAINTAINABILITY=MEDIUM","5min","Remove this unused ""message"" private field.","OPEN","113bc01a-f25b-4a22-a9ad-4a834753e8bc"
"src/main/java/com/sodimac/fiscal/api/model/dto/InvoiceRegistrationResponse.java","38","java:S1068","MAJOR","CODE_SMELL","MAINTAINABILITY=MEDIUM","5min","Remove this unused ""success"" private field.","OPEN","9aa0b5b0-c9e1-4cee-b0f6-8166b58b9e8a"
"src/main/java/com/sodimac/fiscal/api/model/dto/InvoiceRegistrationResponse.java","43","java:S1068","MAJOR","CODE_SMELL","MAINTAINABILITY=MEDIUM","5min","Remove this unused ""invoiceUuid"" private field.","OPEN","655244a0-ae46-4bcf-adfa-1f6b8d61c61f"
"src/main/java/com/sodimac/fiscal/api/model/dto/InvoiceRegistrationResponse.java","48","java:S1068","MAJOR","CODE_SMELL","MAINTAINABILITY=MEDIUM","5min","Remove this unused ""fiscalUuid"" private field.","OPEN","0582959d-ec0d-44a1-ac2c-91baf34456e4"
"src/main/java/com/sodimac/fiscal/api/model/dto/InvoiceRegistrationResponse.java","53","java:S1068","MAJOR","CODE_SMELL","MAINTAINABILITY=MEDIUM","5min","Remove this unused ""series"" private field.","OPEN","ffc85fbd-c342-41fc-ae42-791f5706c57f"
"src/main/java/com/sodimac/fiscal/api/model/dto/InvoiceRegistrationResponse.java","58","java:S1068","MAJOR","CODE_SMELL","MAINTAINABILITY=MEDIUM","5min","Remove this unused ""folio"" private field.","OPEN","436ad9dd-f158-4616-95df-03d111030c4a"
"src/main/java/com/sodimac/fiscal/api/model/dto/InvoiceRegistrationResponse.java","63","java:S1068","MAJOR","CODE_SMELL","MAINTAINABILITY=MEDIUM","5min","Remove this unused ""documentType"" private field.","OPEN","c7d068d8-4c2f-4af0-adff-269bd86b1ffe"
"src/main/java/com/sodimac/fiscal/api/model/dto/InvoiceRegistrationResponse.java","68","java:S1068","MAJOR","CODE_SMELL","MAINTAINABILITY=MEDIUM","5min","Remove this unused ""issuerRfc"" private field.","OPEN","284dc669-23f2-4585-9669-94fe0e915468"
"src/main/java/com/sodimac/fiscal/api/model/dto/InvoiceRegistrationResponse.java","73","java:S1068","MAJOR","CODE_SMELL","MAINTAINABILITY=MEDIUM","5min","Remove this unused ""receiverRfc"" private field.","OPEN","e47d228f-2a97-4e8e-853b-df88a0392b8e"
"src/main/java/com/sodimac/fiscal/api/model/dto/InvoiceRegistrationResponse.java","78","java:S1068","MAJOR","CODE_SMELL","MAINTAINABILITY=MEDIUM","5min","Remove this unused ""total"" private field.","OPEN","8128bdc3-f31a-4ba4-b9c4-3580b33b2057"
"src/main/java/com/sodimac/fiscal/api/model/dto/InvoiceRegistrationResponse.java","83","java:S1068","MAJOR","CODE_SMELL","MAINTAINABILITY=MEDIUM","5min","Remove this unused ""issueDate"" private field.","OPEN","9128c281-3500-4f32-8d92-4da4a8e0b861"
"src/main/java/com/sodimac/fiscal/api/model/dto/InvoiceRegistrationResponse.java","88","java:S1068","MAJOR","CODE_SMELL","MAINTAINABILITY=MEDIUM","5min","Remove this unused ""hasAddenda"" private field.","OPEN","b334a8ec-0630-4a2e-a5fc-a1e1da673751"
"src/main/java/com/sodimac/fiscal/api/model/dto/InvoiceRegistrationResponse.java","93","java:S1068","MAJOR","CODE_SMELL","MAINTAINABILITY=MEDIUM","5min","Remove this unused ""pendingAddenda"" private field.","OPEN","cb71f8e1-89bb-4719-b22d-7ece9b48254e"
"src/main/java/com/sodimac/fiscal/api/model/dto/InvoiceRegistrationResponse.java","110","java:S107","MAJOR","CODE_SMELL","MAINTAINABILITY=MEDIUM","20min","Method has 11 parameters, which is greater than 7 authorized.","OPEN","f79bc3e0-b9a3-49f8-9539-b04ffdaca24b"
"src/main/java/com/sodimac/fiscal/api/model/dto/InvoiceRegistrationResponse.java","137","java:S107","MAJOR","CODE_SMELL","MAINTAINABILITY=MEDIUM","20min","Method has 11 parameters, which is greater than 7 authorized.","OPEN","92a90126-20b0-4bba-8bf7-5bad9ebdbbd7"
"src/main/java/com/sodimac/fiscal/api/model/dto/InvoiceStatusUpdateResponse.java","62","java:S107","MAJOR","CODE_SMELL","MAINTAINABILITY=MEDIUM","20min","Method has 9 parameters, which is greater than 7 authorized.","OPEN","34eaba71-adb8-49f2-b791-ac7547f7c91a"
"src/main/java/com/sodimac/fiscal/api/model/dto/InvoiceUpdateResponse.java","61","java:S107","MAJOR","CODE_SMELL","MAINTAINABILITY=MEDIUM","20min","Method has 9 parameters, which is greater than 7 authorized.","OPEN","01502707-5562-45a4-b231-9bc73ae4b52f"
"src/main/java/com/sodimac/fiscal/api/model/dto/invoicexml/AddendaDto.java","18","java:S1068","MAJOR","CODE_SMELL","MAINTAINABILITY=MEDIUM","5min","Remove this unused ""tipoAddenda"" private field.","OPEN","e9923ade-6709-4212-8510-a57a4d657a05"
"src/main/java/com/sodimac/fiscal/api/model/dto/invoicexml/AddendaDto.java","19","java:S1068","MAJOR","CODE_SMELL","MAINTAINABILITY=MEDIUM","5min","Remove this unused ""namespace"" private field.","OPEN","eba4e2dc-8c2f-4c38-a35e-79e56949b998"
"src/main/java/com/sodimac/fiscal/api/model/dto/invoicexml/AddendaDto.java","20","java:S1068","MAJOR","CODE_SMELL","MAINTAINABILITY=MEDIUM","5min","Remove this unused ""contenido"" private field.","OPEN","390d9c9e-5d1f-4127-aa69-68e33b8a1c23"
"src/main/java/com/sodimac/fiscal/api/model/dto/invoicexml/AddendaDto.java","23","java:S1068","MAJOR","CODE_SMELL","MAINTAINABILITY=MEDIUM","5min","Remove this unused ""numeroCliente"" private field.","OPEN","d8d50a75-5e3a-4db7-a6af-b49d1fd7f89e"
"src/main/java/com/sodimac/fiscal/api/model/dto/invoicexml/AddendaDto.java","24","java:S1068","MAJOR","CODE_SMELL","MAINTAINABILITY=MEDIUM","5min","Remove this unused ""razonSocialCliente"" private field.","OPEN","0869518e-d208-4486-bcc8-4250c8b43256"
"src/main/java/com/sodimac/fiscal/api/model/dto/invoicexml/AddendaDto.java","25","java:S1068","MAJOR","CODE_SMELL","MAINTAINABILITY=MEDIUM","5min","Remove this unused ""numeroFactura"" private field.","OPEN","72b5ba48-6b2a-4da8-9943-508bd27615e7"
"src/main/java/com/sodimac/fiscal/api/model/dto/invoicexml/AddendaDto.java","26","java:S1068","MAJOR","CODE_SMELL","MAINTAINABILITY=MEDIUM","5min","Remove this unused ""numeroPedido"" private field.","OPEN","9313fe98-989f-401b-bb17-f5c101a27280"
"src/main/java/com/sodimac/fiscal/api/model/dto/invoicexml/AddendaDto.java","27","java:S1068","MAJOR","CODE_SMELL","MAINTAINABILITY=MEDIUM","5min","Remove this unused ""contrato"" private field.","OPEN","98c79212-09af-47f1-af29-8ca7a430ba79"
"src/main/java/com/sodimac/fiscal/api/model/dto/invoicexml/AddendaDto.java","28","java:S1068","MAJOR","CODE_SMELL","MAINTAINABILITY=MEDIUM","5min","Remove this unused ""ordenCompra"" private field.","OPEN","720d6fac-fd75-4763-a9d1-70a5bd651c91"
"src/main/java/com/sodimac/fiscal/api/model/dto/invoicexml/AddendaDto.java","29","java:S1068","MAJOR","CODE_SMELL","MAINTAINABILITY=MEDIUM","5min","Remove this unused ""importeLetra"" private field.","OPEN","f43d5a8c-f458-49e8-8bbb-a5b9914f831b"
"src/main/java/com/sodimac/fiscal/api/model/dto/invoicexml/AutotransporteDto.java","17","java:S1068","MAJOR","CODE_SMELL","MAINTAINABILITY=MEDIUM","5min","Remove this unused ""permSCT"" private field.","OPEN","9898dbc9-9164-452c-b0eb-d0387ea4c305"
"src/main/java/com/sodimac/fiscal/api/model/dto/invoicexml/AutotransporteDto.java","18","java:S1068","MAJOR","CODE_SMELL","MAINTAINABILITY=MEDIUM","5min","Remove this unused ""numPermisoSCT"" private field.","OPEN","cdc51fb2-825b-49e9-9aed-ea42c0e6a8de"
"src/main/java/com/sodimac/fiscal/api/model/dto/invoicexml/AutotransporteDto.java","19","java:S1068","MAJOR","CODE_SMELL","MAINTAINABILITY=MEDIUM","5min","Remove this unused ""identificacionVehicular"" private field.","OPEN","97f78e2e-f54c-4277-9757-4e7520d6e831"
"src/main/java/com/sodimac/fiscal/api/model/dto/invoicexml/AutotransporteDto.java","20","java:S1068","MAJOR","CODE_SMELL","MAINTAINABILITY=MEDIUM","5min","Remove this unused ""seguros"" private field.","OPEN","e87a201f-ff94-4650-9899-12d2147336b7"
"src/main/java/com/sodimac/fiscal/api/model/dto/invoicexml/AutotransporteDto.java","21","java:S1068","MAJOR","CODE_SMELL","MAINTAINABILITY=MEDIUM","5min","Remove this unused ""remolques"" private field.","OPEN","a0dd2ab1-9014-49fc-9266-605a0be4abe1"
"src/main/java/com/sodimac/fiscal/api/model/dto/invoicexml/FiguraTransporteDto.java","15","java:S1068","MAJOR","CODE_SMELL","MAINTAINABILITY=MEDIUM","5min","Remove this unused ""tipoFigura"" private field.","OPEN","f94eba9d-1f44-4160-afdb-8fb77eb755a8"
"src/main/java/com/sodimac/fiscal/api/model/dto/invoicexml/FiguraTransporteDto.java","16","java:S1068","MAJOR","CODE_SMELL","MAINTAINABILITY=MEDIUM","5min","Remove this unused ""rfcFigura"" private field.","OPEN","40e9dfdc-44d1-4117-a7c4-b0122100b67a"
"src/main/java/com/sodimac/fiscal/api/model/dto/invoicexml/FiguraTransporteDto.java","17","java:S1068","MAJOR","CODE_SMELL","MAINTAINABILITY=MEDIUM","5min","Remove this unused ""numLicencia"" private field.","OPEN","18992689-bcef-4f6e-af3a-9c9fb8a7fd45"
"src/main/java/com/sodimac/fiscal/api/model/dto/invoicexml/FiguraTransporteDto.java","18","java:S1068","MAJOR","CODE_SMELL","MAINTAINABILITY=MEDIUM","5min","Remove this unused ""nombreFigura"" private field.","OPEN","cf265c96-0313-4d89-bea2-6a0ff7becdb6"
"src/main/java/com/sodimac/fiscal/api/model/dto/invoicexml/IdentificacionVehicularDto.java","15","java:S1068","MAJOR","CODE_SMELL","MAINTAINABILITY=MEDIUM","5min","Remove this unused ""configVehicular"" private field.","OPEN","4d716051-771e-49a9-937c-80f1e5355ecd"
"src/main/java/com/sodimac/fiscal/api/model/dto/invoicexml/IdentificacionVehicularDto.java","16","java:S1068","MAJOR","CODE_SMELL","MAINTAINABILITY=MEDIUM","5min","Remove this unused ""placaVM"" private field.","OPEN","2178b596-1b4e-4477-bd35-1c75ff6f6074"
"src/main/java/com/sodimac/fiscal/api/model/dto/invoicexml/IdentificacionVehicularDto.java","17","java:S1068","MAJOR","CODE_SMELL","MAINTAINABILITY=MEDIUM","5min","Remove this unused ""anioModeloVM"" private field.","OPEN","e3238e93-0f70-48ef-9719-44d18376f4bb"
"src/main/java/com/sodimac/fiscal/api/model/dto/invoicexml/IdentificacionVehicularDto.java","18","java:S1068","MAJOR","CODE_SMELL","MAINTAINABILITY=MEDIUM","5min","Remove this unused ""pesoBrutoVehicular"" private field.","OPEN","7b9af37e-dbf0-4b11-8a81-a904b325c8ca"
"src/main/java/com/sodimac/fiscal/api/model/dto/invoicexml/MercanciaDto.java","15","java:S1068","MAJOR","CODE_SMELL","MAINTAINABILITY=MEDIUM","5min","Remove this unused ""pesoEnKg"" private field.","OPEN","fd1721cb-b99a-45e1-ab4f-cb6d36bcf327"
"src/main/java/com/sodimac/fiscal/api/model/dto/invoicexml/MercanciaDto.java","16","java:S1068","MAJOR","CODE_SMELL","MAINTAINABILITY=MEDIUM","5min","Remove this unused ""bienesTransp"" private field.","OPEN","d7640c57-2232-4409-a66c-85261ae5b2e9"
"src/main/java/com/sodimac/fiscal/api/model/dto/invoicexml/MercanciaDto.java","17","java:S1068","MAJOR","CODE_SMELL","MAINTAINABILITY=MEDIUM","5min","Remove this unused ""descripcion"" private field.","OPEN","c85ba135-25d1-4bdd-8932-879e220c6274"
"src/main/java/com/sodimac/fiscal/api/model/dto/invoicexml/MercanciaDto.java","18","java:S1068","MAJOR","CODE_SMELL","MAINTAINABILITY=MEDIUM","5min","Remove this unused ""cantidad"" private field.","OPEN","f621e8c6-5629-4d22-9031-f8c19f98c833"
"src/main/java/com/sodimac/fiscal/api/model/dto/invoicexml/MercanciaDto.java","19","java:S1068","MAJOR","CODE_SMELL","MAINTAINABILITY=MEDIUM","5min","Remove this unused ""claveUnidad"" private field.","OPEN","7007a243-9abb-443b-8759-aee886920512"
"src/main/java/com/sodimac/fiscal/api/model/dto/invoicexml/MercanciaDto.java","20","java:S1068","MAJOR","CODE_SMELL","MAINTAINABILITY=MEDIUM","5min","Remove this unused ""valorMercancia"" private field.","OPEN","d4dc21f2-dd22-4981-a4b8-70271e2f17d7"
"src/main/java/com/sodimac/fiscal/api/model/dto/invoicexml/MercanciaDto.java","21","java:S1068","MAJOR","CODE_SMELL","MAINTAINABILITY=MEDIUM","5min","Remove this unused ""moneda"" private field.","OPEN","f4e7958f-6a40-450d-9380-d428c79f87b1"
"src/main/java/com/sodimac/fiscal/api/model/dto/invoicexml/RemolqueDto.java","15","java:S1068","MAJOR","CODE_SMELL","MAINTAINABILITY=MEDIUM","5min","Remove this unused ""subTipoRem"" private field.","OPEN","93d48741-3035-464a-afb9-591d93f023a7"
"src/main/java/com/sodimac/fiscal/api/model/dto/invoicexml/RemolqueDto.java","16","java:S1068","MAJOR","CODE_SMELL","MAINTAINABILITY=MEDIUM","5min","Remove this unused ""placa"" private field.","OPEN","a187024b-c35c-4a17-8286-ecae3ca697a4"
"src/main/java/com/sodimac/fiscal/api/model/dto/invoicexml/SegurosDto.java","15","java:S1068","MAJOR","CODE_SMELL","MAINTAINABILITY=MEDIUM","5min","Remove this unused ""aseguraRespCivil"" private field.","OPEN","239ed244-4038-45b8-a61a-60c75d341c20"
"src/main/java/com/sodimac/fiscal/api/model/dto/invoicexml/SegurosDto.java","16","java:S1068","MAJOR","CODE_SMELL","MAINTAINABILITY=MEDIUM","5min","Remove this unused ""polizaRespCivil"" private field.","OPEN","45fc6395-0b4e-48ca-aebe-58e8a1d0819a"
"src/main/java/com/sodimac/fiscal/api/model/dto/invoicexml/SegurosDto.java","17","java:S1068","MAJOR","CODE_SMELL","MAINTAINABILITY=MEDIUM","5min","Remove this unused ""aseguraMedAmbiente"" private field.","OPEN","18c8075b-6ebf-472e-be02-86f93919d293"
"src/main/java/com/sodimac/fiscal/api/model/dto/invoicexml/SegurosDto.java","18","java:S1068","MAJOR","CODE_SMELL","MAINTAINABILITY=MEDIUM","5min","Remove this unused ""polizaMedAmbiente"" private field.","OPEN","6ec78d71-03b5-4d7d-9084-7cc3b44e1ed7"
"src/main/java/com/sodimac/fiscal/api/model/dto/invoicexml/SegurosDto.java","19","java:S1068","MAJOR","CODE_SMELL","MAINTAINABILITY=MEDIUM","5min","Remove this unused ""aseguraCarga"" private field.","OPEN","bb00337c-d40b-467f-8143-f6cc56e15022"
"src/main/java/com/sodimac/fiscal/api/model/dto/invoicexml/SegurosDto.java","20","java:S1068","MAJOR","CODE_SMELL","MAINTAINABILITY=MEDIUM","5min","Remove this unused ""polizaCarga"" private field.","OPEN","e9290f2a-a20b-45a7-b6db-4566369e7e8c"
"src/main/java/com/sodimac/fiscal/api/model/dto/invoicexml/SegurosDto.java","21","java:S1068","MAJOR","CODE_SMELL","MAINTAINABILITY=MEDIUM","5min","Remove this unused ""primaSeguro"" private field.","OPEN","e5fe431b-4ba8-4857-9b05-4a26bc63525d"
"src/main/java/com/sodimac/fiscal/api/model/dto/IssuerDto.java","15","java:S1068","MAJOR","CODE_SMELL","MAINTAINABILITY=MEDIUM","5min","Remove this unused ""issuerUuid"" private field.","OPEN","33438b3e-0033-4b4d-8030-da9442c0e471"
"src/main/java/com/sodimac/fiscal/api/model/dto/LogDto.java","15","java:S1068","MAJOR","CODE_SMELL","MAINTAINABILITY=MEDIUM","5min","Remove this unused ""logId"" private field.","OPEN","75a7a0db-9a41-45ce-851d-65537435c1b8"
"src/main/java/com/sodimac/fiscal/api/model/dto/LogDto.java","17","java:S1068","MAJOR","CODE_SMELL","MAINTAINABILITY=MEDIUM","5min","Remove this unused ""pacId"" private field.","OPEN","535703a9-3bd1-4823-a583-f235266b40d8"
"src/main/java/com/sodimac/fiscal/api/model/dto/LogDto.java","19","java:S1068","MAJOR","CODE_SMELL","MAINTAINABILITY=MEDIUM","5min","Remove this unused ""versionId"" private field.","OPEN","73a16837-008d-43f4-9d29-da8d380cfe81"
"src/main/java/com/sodimac/fiscal/api/model/dto/LogDto.java","21","java:S1068","MAJOR","CODE_SMELL","MAINTAINABILITY=MEDIUM","5min","Remove this unused ""cfdiUuid"" private field.","OPEN","2473a8dd-0b41-4164-8a30-868a99da31d7"
"src/main/java/com/sodimac/fiscal/api/model/dto/LogDto.java","27","java:S1068","MAJOR","CODE_SMELL","MAINTAINABILITY=MEDIUM","5min","Remove this unused ""transactionDate"" private field.","OPEN","12a3bb73-66c1-4cb9-80b1-f67ce70ba376"
"src/main/java/com/sodimac/fiscal/api/model/dto/LogDto.java","29","java:S1068","MAJOR","CODE_SMELL","MAINTAINABILITY=MEDIUM","5min","Remove this unused ""recordStartDate"" private field.","OPEN","ae99d29b-2936-47c5-b8da-1fcd381b1c62"
"src/main/java/com/sodimac/fiscal/api/model/dto/LogDto.java","31","java:S1068","MAJOR","CODE_SMELL","MAINTAINABILITY=MEDIUM","5min","Remove this unused ""recordEndDate"" private field.","OPEN","120c8812-5cd4-4411-863f-8ff7ede0a577"
"src/main/java/com/sodimac/fiscal/api/model/dto/LogDto.java","36","java:S1068","MAJOR","CODE_SMELL","MAINTAINABILITY=MEDIUM","5min","Remove this unused ""statusMessage"" private field.","OPEN","b971b3c5-4e75-4288-acdf-d1d8229e60d3"
"src/main/java/com/sodimac/fiscal/api/model/dto/LogDto.java","38","java:S1068","MAJOR","CODE_SMELL","MAINTAINABILITY=MEDIUM","5min","Remove this unused ""requestData"" private field.","OPEN","7dda9fd9-ac1d-43ee-a35b-0d828d289000"
"src/main/java/com/sodimac/fiscal/api/model/dto/LogDto.java","40","java:S1068","MAJOR","CODE_SMELL","MAINTAINABILITY=MEDIUM","5min","Remove this unused ""responseData"" private field.","OPEN","9d7db5bb-f3e6-4f3d-bc61-7b862468660f"
"src/main/java/com/sodimac/fiscal/api/model/dto/NotaCreditoXlsxDto.java","23","java:S1068","MAJOR","CODE_SMELL","MAINTAINABILITY=MEDIUM","5min","Remove this unused ""serie"" private field.","OPEN","59533adf-8462-4762-a199-871269b16f8a"
"src/main/java/com/sodimac/fiscal/api/model/dto/NotaCreditoXlsxDto.java","24","java:S1068","MAJOR","CODE_SMELL","MAINTAINABILITY=MEDIUM","5min","Remove this unused ""folio"" private field.","OPEN","45036bca-44ce-4def-8bdb-3bcb10856955"
"src/main/java/com/sodimac/fiscal/api/model/dto/NotaCreditoXlsxDto.java","25","java:S1068","MAJOR","CODE_SMELL","MAINTAINABILITY=MEDIUM","5min","Remove this unused ""subtotal"" private field.","OPEN","aa8fdc5a-c05f-43eb-af3e-634a56dce7d5"
"src/main/java/com/sodimac/fiscal/api/model/dto/NotaCreditoXlsxDto.java","26","java:S1068","MAJOR","CODE_SMELL","MAINTAINABILITY=MEDIUM","5min","Remove this unused ""total"" private field.","OPEN","e854035c-d003-4cea-b5c2-8a6409f85075"
"src/main/java/com/sodimac/fiscal/api/model/dto/NotaCreditoXlsxDto.java","27","java:S1068","MAJOR","CODE_SMELL","MAINTAINABILITY=MEDIUM","5min","Remove this unused ""tipoRelacionNombre"" private field.","OPEN","9f29126d-e8de-4c4a-a07d-9034cdce3c6d"
"src/main/java/com/sodimac/fiscal/api/model/dto/NotaCreditoXlsxDto.java","28","java:S1068","MAJOR","CODE_SMELL","MAINTAINABILITY=MEDIUM","5min","Remove this unused ""fiscalUuid"" private field.","OPEN","1c782ad6-2b1c-4874-b2d0-faa6c60b960c"
"src/main/java/com/sodimac/fiscal/api/model/dto/NotaCreditoXlsxDto.java","29","java:S1068","MAJOR","CODE_SMELL","MAINTAINABILITY=MEDIUM","5min","Remove this unused ""fechaEmision"" private field.","OPEN","28f8a8f5-02fb-42bf-be8d-6d72fa6a4965"
"src/main/java/com/sodimac/fiscal/api/model/dto/NotaCreditoXlsxDto.java","30","java:S1068","MAJOR","CODE_SMELL","MAINTAINABILITY=MEDIUM","5min","Remove this unused ""fechaRecepcion"" private field.","OPEN","90142083-e5a0-4179-adef-947ae5f8381e"
"src/main/java/com/sodimac/fiscal/api/model/dto/NotaCreditoXlsxDto.java","31","java:S1068","MAJOR","CODE_SMELL","MAINTAINABILITY=MEDIUM","5min","Remove this unused ""accountingSentDate"" private field.","OPEN","3e06e1df-10bc-4722-8487-2d9638dddaa2"
"src/main/java/com/sodimac/fiscal/api/model/dto/NotaCreditoXlsxDto.java","34","java:S1068","MAJOR","CODE_SMELL","MAINTAINABILITY=MEDIUM","5min","Remove this unused ""facturaSerie"" private field.","OPEN","e7c865d5-752f-4088-8fb6-b764026c0a91"
"src/main/java/com/sodimac/fiscal/api/model/dto/NotaCreditoXlsxDto.java","35","java:S1068","MAJOR","CODE_SMELL","MAINTAINABILITY=MEDIUM","5min","Remove this unused ""facturaFolio"" private field.","OPEN","d5cb077b-d838-43f8-b2f1-fc7e1b74195b"
"src/main/java/com/sodimac/fiscal/api/model/dto/NotaCreditoXlsxDto.java","36","java:S1068","MAJOR","CODE_SMELL","MAINTAINABILITY=MEDIUM","5min","Remove this unused ""facturaUuid"" private field.","OPEN","d9d6a25a-b6c4-404b-9d83-90420fe1c634"
"src/main/java/com/sodimac/fiscal/api/model/dto/PacCatalogDto.java","16","java:S1068","MAJOR","CODE_SMELL","MAINTAINABILITY=MEDIUM","5min","Remove this unused ""pacId"" private field.","OPEN","d3861d50-a022-4832-92c4-c8f7b52f51ad"
"src/main/java/com/sodimac/fiscal/api/model/dto/PacCatalogDto.java","40","java:S1068","MAJOR","CODE_SMELL","MAINTAINABILITY=MEDIUM","5min","Remove this unused ""validFrom"" private field.","OPEN","4654120a-69cd-4c56-b23f-2faac4e59c02"
"src/main/java/com/sodimac/fiscal/api/model/dto/PacCatalogDto.java","41","java:S1068","MAJOR","CODE_SMELL","MAINTAINABILITY=MEDIUM","5min","Remove this unused ""validTo"" private field.","OPEN","f61e324b-6f32-4db1-a31b-a831ae83fcd5"
"src/main/java/com/sodimac/fiscal/api/model/dto/PacCatalogDto.java","42","java:S1068","MAJOR","CODE_SMELL","MAINTAINABILITY=MEDIUM","5min","Remove this unused ""catalogMsgId"" private field.","OPEN","6b751e29-7f57-4b89-921d-c336cdf76f99"
"src/main/java/com/sodimac/fiscal/api/model/dto/ParsedPaymentXmlDto.java","23","java:S1068","MAJOR","CODE_SMELL","MAINTAINABILITY=MEDIUM","5min","Remove this unused ""version"" private field.","OPEN","52ea4835-5f69-4640-bd21-c5d3f72626a9"
"src/main/java/com/sodimac/fiscal/api/model/dto/ParsedPaymentXmlDto.java","24","java:S1068","MAJOR","CODE_SMELL","MAINTAINABILITY=MEDIUM","5min","Remove this unused ""serie"" private field.","OPEN","252af053-3707-4357-97a2-6c67b7e0dc2a"
"src/main/java/com/sodimac/fiscal/api/model/dto/ParsedPaymentXmlDto.java","25","java:S1068","MAJOR","CODE_SMELL","MAINTAINABILITY=MEDIUM","5min","Remove this unused ""folio"" private field.","OPEN","fc7c2bf7-73a7-473d-b840-c122a9d72813"
"src/main/java/com/sodimac/fiscal/api/model/dto/ParsedPaymentXmlDto.java","26","java:S1068","MAJOR","CODE_SMELL","MAINTAINABILITY=MEDIUM","5min","Remove this unused ""fecha"" private field.","OPEN","a6a25858-fe5b-4e00-a154-1f35c6a3aea2"
"src/main/java/com/sodimac/fiscal/api/model/dto/ParsedPaymentXmlDto.java","27","java:S1068","MAJOR","CODE_SMELL","MAINTAINABILITY=MEDIUM","5min","Remove this unused ""sello"" private field.","OPEN","3f04d507-bc2f-4c08-b19e-6cf7e8f6631b"
"src/main/java/com/sodimac/fiscal/api/model/dto/ParsedPaymentXmlDto.java","28","java:S1068","MAJOR","CODE_SMELL","MAINTAINABILITY=MEDIUM","5min","Remove this unused ""noCertificado"" private field.","OPEN","b0a38d64-7d1a-4174-a98d-c89fa6ad4085"
"src/main/java/com/sodimac/fiscal/api/model/dto/ParsedPaymentXmlDto.java","29","java:S1068","MAJOR","CODE_SMELL","MAINTAINABILITY=MEDIUM","5min","Remove this unused ""certificado"" private field.","OPEN","d157dfbd-f687-4513-9391-c9b1f5808a28"
"src/main/java/com/sodimac/fiscal/api/model/dto/ParsedPaymentXmlDto.java","30","java:S1068","MAJOR","CODE_SMELL","MAINTAINABILITY=MEDIUM","5min","Remove this unused ""subTotal"" private field.","OPEN","777dd0dd-e785-467c-a374-a7d695da0a0f"
"src/main/java/com/sodimac/fiscal/api/model/dto/ParsedPaymentXmlDto.java","31","java:S1068","MAJOR","CODE_SMELL","MAINTAINABILITY=MEDIUM","5min","Remove this unused ""moneda"" private field.","OPEN","63ee0ed7-a2c2-4b71-96dc-d41f7f1029ae"
"src/main/java/com/sodimac/fiscal/api/model/dto/ParsedPaymentXmlDto.java","32","java:S1068","MAJOR","CODE_SMELL","MAINTAINABILITY=MEDIUM","5min","Remove this unused ""total"" private field.","OPEN","27f6d71f-3f56-42f7-bdfc-817154aa6d5d"
"src/main/java/com/sodimac/fiscal/api/model/dto/ParsedPaymentXmlDto.java","33","java:S1068","MAJOR","CODE_SMELL","MAINTAINABILITY=MEDIUM","5min","Remove this unused ""tipoDeComprobante"" private field.","OPEN","b770bba1-ca3a-4f13-b6b4-7fbe8b0a82bd"
"src/main/java/com/sodimac/fiscal/api/model/dto/ParsedPaymentXmlDto.java","34","java:S1068","MAJOR","CODE_SMELL","MAINTAINABILITY=MEDIUM","5min","Remove this unused ""exportacion"" private field.","OPEN","5ffeb00b-8db8-44bf-ae43-9cf006f4b04b"
"src/main/java/com/sodimac/fiscal/api/model/dto/ParsedPaymentXmlDto.java","35","java:S1068","MAJOR","CODE_SMELL","MAINTAINABILITY=MEDIUM","5min","Remove this unused ""lugarExpedicion"" private field.","OPEN","a8f372c0-00ba-4ab3-8853-21fd68ab5d0c"
"src/main/java/com/sodimac/fiscal/api/model/dto/ParsedPaymentXmlDto.java","38","java:S1068","MAJOR","CODE_SMELL","MAINTAINABILITY=MEDIUM","5min","Remove this unused ""emisorRfc"" private field.","OPEN","ec2984c6-da85-4784-a3df-976d5db848cc"
"src/main/java/com/sodimac/fiscal/api/model/dto/ParsedPaymentXmlDto.java","39","java:S1068","MAJOR","CODE_SMELL","MAINTAINABILITY=MEDIUM","5min","Remove this unused ""emisorNombre"" private field.","OPEN","54e687aa-b3c6-41ee-877e-fa6bfad549b8"
"src/main/java/com/sodimac/fiscal/api/model/dto/ParsedPaymentXmlDto.java","40","java:S1068","MAJOR","CODE_SMELL","MAINTAINABILITY=MEDIUM","5min","Remove this unused ""emisorRegimenFiscal"" private field.","OPEN","28be2cf7-53dd-4d93-87c6-f9fc7703b3da"
"src/main/java/com/sodimac/fiscal/api/model/dto/ParsedPaymentXmlDto.java","43","java:S1068","MAJOR","CODE_SMELL","MAINTAINABILITY=MEDIUM","5min","Remove this unused ""receptorRfc"" private field.","OPEN","b799febc-ae11-44a0-abaa-e7a661ed01b1"
"src/main/java/com/sodimac/fiscal/api/model/dto/ParsedPaymentXmlDto.java","44","java:S1068","MAJOR","CODE_SMELL","MAINTAINABILITY=MEDIUM","5min","Remove this unused ""receptorNombre"" private field.","OPEN","1781f5b5-dd4b-41dc-9b2b-ccf769cd0319"
"src/main/java/com/sodimac/fiscal/api/model/dto/ParsedPaymentXmlDto.java","45","java:S1068","MAJOR","CODE_SMELL","MAINTAINABILITY=MEDIUM","5min","Remove this unused ""receptorDomicilioFiscal"" private field.","OPEN","b51883d8-326c-4aa9-88c3-4bde4ec35c52"
"src/main/java/com/sodimac/fiscal/api/model/dto/ParsedPaymentXmlDto.java","46","java:S1068","MAJOR","CODE_SMELL","MAINTAINABILITY=MEDIUM","5min","Remove this unused ""receptorRegimenFiscal"" private field.","OPEN","191d066e-d85a-428d-ac9c-6d8fdaa9cfc7"
"src/main/java/com/sodimac/fiscal/api/model/dto/ParsedPaymentXmlDto.java","47","java:S1068","MAJOR","CODE_SMELL","MAINTAINABILITY=MEDIUM","5min","Remove this unused ""receptorUsoCFDI"" private field.","OPEN","54ecc6ff-97c8-40ee-85e5-bbbc941a78b8"
"src/main/java/com/sodimac/fiscal/api/model/dto/ParsedPaymentXmlDto.java","50","java:S1068","MAJOR","CODE_SMELL","MAINTAINABILITY=MEDIUM","5min","Remove this unused ""timbreFiscalDigital"" private field.","OPEN","4986aea2-186a-477e-96b5-d5b9764851a1"
"src/main/java/com/sodimac/fiscal/api/model/dto/ParsedPaymentXmlDto.java","53","java:S1068","MAJOR","CODE_SMELL","MAINTAINABILITY=MEDIUM","5min","Remove this unused ""pagos"" private field.","OPEN","fca41f11-4a64-4313-ae02-ef1f8cbb4d3f"
"src/main/java/com/sodimac/fiscal/api/model/dto/ParsedPaymentXmlDto.java","56","java:S1068","MAJOR","CODE_SMELL","MAINTAINABILITY=MEDIUM","5min","Remove this unused ""addendaContent"" private field.","OPEN","9864d1e5-e59e-4bc9-8b77-2995c4f49723"
"src/main/java/com/sodimac/fiscal/api/model/dto/PaymentDto.java","16","java:S1068","MAJOR","CODE_SMELL","MAINTAINABILITY=MEDIUM","5min","Remove this unused ""paymentUuid"" private field.","OPEN","2a9fe816-7c2a-4fb5-9005-144da46b1b79"
"src/main/java/com/sodimac/fiscal/api/model/dto/PaymentsDto.java","17","java:S1068","MAJOR","CODE_SMELL","MAINTAINABILITY=MEDIUM","5min","Remove this unused ""paymentsUuid"" private field.","OPEN","30667eab-4a7c-47b6-8ca8-8677b27049a0"
"src/main/java/com/sodimac/fiscal/api/model/dto/PaymentsDto.java","27","java:S1068","MAJOR","CODE_SMELL","MAINTAINABILITY=MEDIUM","5min","Remove this unused ""certificationDate"" private field.","OPEN","c33cc7fa-34b6-415f-83af-fa82180ba616"
"src/main/java/com/sodimac/fiscal/api/model/dto/PaymentsDto.java","41","java:S1068","MAJOR","CODE_SMELL","MAINTAINABILITY=MEDIUM","5min","Remove this unused ""xmlContent"" private field.","OPEN","ecc99f4e-7a42-461e-af56-b69a4750348f"
"src/main/java/com/sodimac/fiscal/api/model/dto/PaymentsDto.java","43","java:S1068","MAJOR","CODE_SMELL","MAINTAINABILITY=MEDIUM","5min","Remove this unused ""status"" private field.","OPEN","9c1d88d0-63c6-44e0-a86e-c9c1b1bee479"
"src/main/java/com/sodimac/fiscal/api/model/dto/ReceiverDto.java","14","java:S1068","MAJOR","CODE_SMELL","MAINTAINABILITY=MEDIUM","5min","Remove this unused ""receiverUuid"" private field.","OPEN","3b2fb4d1-3c02-438e-9c25-495d363b075a"
"src/main/java/com/sodimac/fiscal/api/model/dto/ReceiverDto.java","15","java:S1068","MAJOR","CODE_SMELL","MAINTAINABILITY=MEDIUM","5min","Remove this unused ""name"" private field.","OPEN","0826bf08-007b-4c68-8b32-270903979a25"
"src/main/java/com/sodimac/fiscal/api/model/dto/ReceiverDto.java","16","java:S1068","MAJOR","CODE_SMELL","MAINTAINABILITY=MEDIUM","5min","Remove this unused ""rfc"" private field.","OPEN","344dfab1-d834-4155-b4c6-44b56efead94"
"src/main/java/com/sodimac/fiscal/api/model/dto/ReceiverDto.java","17","java:S1068","MAJOR","CODE_SMELL","MAINTAINABILITY=MEDIUM","5min","Remove this unused ""taxRegime"" private field.","OPEN","a2ebc149-3516-42cf-83c4-4f6042bd4bc3"
"src/main/java/com/sodimac/fiscal/api/model/dto/RelatedCfdiDto.java","14","java:S1068","MAJOR","CODE_SMELL","MAINTAINABILITY=MEDIUM","5min","Remove this unused ""relatedCfdiUuid"" private field.","OPEN","7489d8dd-6c9d-45b6-9d2e-76d76f174260"
"src/main/java/com/sodimac/fiscal/api/model/dto/RelatedDocumentsDto.java","15","java:S1068","MAJOR","CODE_SMELL","MAINTAINABILITY=MEDIUM","5min","Remove this unused ""relatedDocumentUuid"" private field.","OPEN","d120b65f-b865-4499-ac1d-abfbf28e58ec"
"src/main/java/com/sodimac/fiscal/api/model/dto/request/PaymentSearchRequest.java","30","java:S1068","MAJOR","CODE_SMELL","MAINTAINABILITY=MEDIUM","5min","Remove this unused ""paymentsUuid"" private field.","OPEN","b99503c5-78d5-4c39-8694-beadcbf0c997"
"src/main/java/com/sodimac/fiscal/api/model/dto/request/PaymentSearchRequest.java","35","java:S1068","MAJOR","CODE_SMELL","MAINTAINABILITY=MEDIUM","5min","Remove this unused ""rfcEmisor"" private field.","OPEN","515503a9-bb99-497a-a323-9e7d9b4b00e2"
"src/main/java/com/sodimac/fiscal/api/model/dto/request/PaymentSearchRequest.java","40","java:S1068","MAJOR","CODE_SMELL","MAINTAINABILITY=MEDIUM","5min","Remove this unused ""rfcReceptor"" private field.","OPEN","31679dd3-2fab-49fc-8f5c-6ceccd97ed9c"
"src/main/java/com/sodimac/fiscal/api/model/dto/request/PaymentSearchRequest.java","45","java:S1068","MAJOR","CODE_SMELL","MAINTAINABILITY=MEDIUM","5min","Remove this unused ""folio"" private field.","OPEN","3a6eacaf-e938-4abd-b01c-62e96549015a"
"src/main/java/com/sodimac/fiscal/api/model/dto/request/PaymentSearchRequest.java","50","java:S1068","MAJOR","CODE_SMELL","MAINTAINABILITY=MEDIUM","5min","Remove this unused ""serie"" private field.","OPEN","0090267d-c594-4ad8-ae91-85da7fa9b9a3"
"src/main/java/com/sodimac/fiscal/api/model/dto/request/PaymentSearchRequest.java","55","java:S1068","MAJOR","CODE_SMELL","MAINTAINABILITY=MEDIUM","5min","Remove this unused ""numeroProveedor"" private field.","OPEN","160efdfb-9bd3-420e-8ff3-110d26eb1f2e"
"src/main/java/com/sodimac/fiscal/api/model/dto/request/PaymentSearchRequest.java","60","java:S1068","MAJOR","CODE_SMELL","MAINTAINABILITY=MEDIUM","5min","Remove this unused ""tipoProveedor"" private field.","OPEN","08e9b1ef-6eef-4117-91ed-f6ed726d6b7a"
"src/main/java/com/sodimac/fiscal/api/model/dto/request/PaymentSearchRequest.java","65","java:S1068","MAJOR","CODE_SMELL","MAINTAINABILITY=MEDIUM","5min","Remove this unused ""fechaPagoInicio"" private field.","OPEN","831273b4-e6a1-4349-ae57-58ce3e3002f7"
"src/main/java/com/sodimac/fiscal/api/model/dto/request/PaymentSearchRequest.java","70","java:S1068","MAJOR","CODE_SMELL","MAINTAINABILITY=MEDIUM","5min","Remove this unused ""fechaPagoFin"" private field.","OPEN","717c700e-2f3e-4782-8a6c-4625388020ac"
"src/main/java/com/sodimac/fiscal/api/model/dto/request/PaymentSearchRequest.java","76","java:S1068","MAJOR","CODE_SMELL","MAINTAINABILITY=MEDIUM","5min","Remove this unused ""status"" private field.","OPEN","2df8e142-529b-443d-8e9a-8063373ab7ec"
"src/main/java/com/sodimac/fiscal/api/model/dto/request/PaymentSearchRequest.java","81","java:S1068","MAJOR","CODE_SMELL","MAINTAINABILITY=MEDIUM","5min","Remove this unused ""montoMinimo"" private field.","OPEN","ace0f0ca-23e9-4a11-9ac5-2a13d92f6a5c"
"src/main/java/com/sodimac/fiscal/api/model/dto/request/PaymentSearchRequest.java","86","java:S1068","MAJOR","CODE_SMELL","MAINTAINABILITY=MEDIUM","5min","Remove this unused ""montoMaximo"" private field.","OPEN","6cf9d1d6-458a-47b6-8887-f0a14099f3ad"
"src/main/java/com/sodimac/fiscal/api/model/dto/response/ComprobanteResponse.java","24","java:S1068","MAJOR","CODE_SMELL","MAINTAINABILITY=MEDIUM","5min","Remove this unused ""version"" private field.","OPEN","6602833b-49d4-47ed-931f-d92a2ad5b6d0"
"src/main/java/com/sodimac/fiscal/api/model/dto/response/ComprobanteResponse.java","25","java:S1068","MAJOR","CODE_SMELL","MAINTAINABILITY=MEDIUM","5min","Remove this unused ""serie"" private field.","OPEN","9c20153c-3af2-4e3c-a518-f297880953da"
"src/main/java/com/sodimac/fiscal/api/model/dto/response/ComprobanteResponse.java","26","java:S1068","MAJOR","CODE_SMELL","MAINTAINABILITY=MEDIUM","5min","Remove this unused ""folio"" private field.","OPEN","770b96cb-faf6-4993-94bf-b5d3e272d3bc"
"src/main/java/com/sodimac/fiscal/api/model/dto/response/ComprobanteResponse.java","27","java:S1068","MAJOR","CODE_SMELL","MAINTAINABILITY=MEDIUM","5min","Remove this unused ""fecha"" private field.","OPEN","b860ec60-b7b7-4402-ab0c-4dece200342c"
"src/main/java/com/sodimac/fiscal/api/model/dto/response/ComprobanteResponse.java","28","java:S1068","MAJOR","CODE_SMELL","MAINTAINABILITY=MEDIUM","5min","Remove this unused ""subTotal"" private field.","OPEN","77c00b70-2984-4b2a-9a7d-068b651df075"
"src/main/java/com/sodimac/fiscal/api/model/dto/response/ComprobanteResponse.java","29","java:S1068","MAJOR","CODE_SMELL","MAINTAINABILITY=MEDIUM","5min","Remove this unused ""total"" private field.","OPEN","e85c658b-7a25-4379-a9e8-2df599abad0d"
"src/main/java/com/sodimac/fiscal/api/model/dto/response/ComprobanteResponse.java","30","java:S1068","MAJOR","CODE_SMELL","MAINTAINABILITY=MEDIUM","5min","Remove this unused ""tipoDeComprobante"" private field.","OPEN","8d09a806-1a1f-45cd-81fe-563881a23d96"
"src/main/java/com/sodimac/fiscal/api/model/dto/response/ComprobanteResponse.java","31","java:S1068","MAJOR","CODE_SMELL","MAINTAINABILITY=MEDIUM","5min","Remove this unused ""metodoPago"" private field.","OPEN","d1ac36f0-e02a-4698-aefa-cc246aad033d"
"src/main/java/com/sodimac/fiscal/api/model/dto/response/ComprobanteResponse.java","32","java:S1068","MAJOR","CODE_SMELL","MAINTAINABILITY=MEDIUM","5min","Remove this unused ""formaPago"" private field.","OPEN","c0e5570e-55ab-43c3-b213-d2f6a303a3a6"
"src/main/java/com/sodimac/fiscal/api/model/dto/response/ComprobanteResponse.java","33","java:S1068","MAJOR","CODE_SMELL","MAINTAINABILITY=MEDIUM","5min","Remove this unused ""moneda"" private field.","OPEN","d78f25fc-8f21-4d76-ac29-d7803d998b65"
"src/main/java/com/sodimac/fiscal/api/model/dto/response/ComprobanteResponse.java","34","java:S1068","MAJOR","CODE_SMELL","MAINTAINABILITY=MEDIUM","5min","Remove this unused ""noCertificado"" private field.","OPEN","10acdceb-868d-49ba-a890-a60cef35b834"
"src/main/java/com/sodimac/fiscal/api/model/dto/response/ComprobanteResponse.java","35","java:S1068","MAJOR","CODE_SMELL","MAINTAINABILITY=MEDIUM","5min","Remove this unused ""certificado"" private field.","OPEN","1ee4c894-38c3-4a7f-b6a5-cdc355837074"
"src/main/java/com/sodimac/fiscal/api/model/dto/response/ComprobanteResponse.java","36","java:S1068","MAJOR","CODE_SMELL","MAINTAINABILITY=MEDIUM","5min","Remove this unused ""sello"" private field.","OPEN","3089a641-7ad8-4da4-ac84-05a7ab80b60d"
"src/main/java/com/sodimac/fiscal/api/model/dto/response/ComprobanteResponse.java","37","java:S1068","MAJOR","CODE_SMELL","MAINTAINABILITY=MEDIUM","5min","Remove this unused ""lugarExpedicion"" private field.","OPEN","03dfe98a-a24e-4a99-83f8-17c4d2af94e1"
"src/main/java/com/sodimac/fiscal/api/model/dto/response/ComprobanteResponse.java","38","java:S1068","MAJOR","CODE_SMELL","MAINTAINABILITY=MEDIUM","5min","Remove this unused ""exportacion"" private field.","OPEN","025d2e19-d77c-4489-bddf-e59da6093298"
"src/main/java/com/sodimac/fiscal/api/model/dto/response/ComprobanteResponse.java","41","java:S1068","MAJOR","CODE_SMELL","MAINTAINABILITY=MEDIUM","5min","Remove this unused ""condicionesDePago"" private field.","OPEN","c9a99db7-df1c-4ef4-a64c-d518839e7d43"
"src/main/java/com/sodimac/fiscal/api/model/dto/response/ComprobanteResponse.java","42","java:S1068","MAJOR","CODE_SMELL","MAINTAINABILITY=MEDIUM","5min","Remove this unused ""tipoCambio"" private field.","OPEN","faa1b594-6383-40b9-93e0-0d43831880f2"
"src/main/java/com/sodimac/fiscal/api/model/dto/response/ComprobanteResponse.java","43","java:S1068","MAJOR","CODE_SMELL","MAINTAINABILITY=MEDIUM","5min","Remove this unused ""descuento"" private field.","OPEN","1dfe97d7-fd4e-4950-9bdc-fc919ae1c7df"
"src/main/java/com/sodimac/fiscal/api/model/dto/response/ComprobanteResponse.java","46","java:S1068","MAJOR","CODE_SMELL","MAINTAINABILITY=MEDIUM","5min","Remove this unused ""periodicidad"" private field.","OPEN","91bb7269-2d9b-4251-b9bf-e3a2d5dfb8c4"
"src/main/java/com/sodimac/fiscal/api/model/dto/response/ComprobanteResponse.java","47","java:S1068","MAJOR","CODE_SMELL","MAINTAINABILITY=MEDIUM","5min","Remove this unused ""meses"" private field.","OPEN","603c7bd3-14db-44d9-adf1-49414194a14a"
"src/main/java/com/sodimac/fiscal/api/model/dto/response/ComprobanteResponse.java","48","java:S116","MINOR","CODE_SMELL","MAINTAINABILITY=LOW","2min","Rename this field ""aÃ±o"" to match the regular expression '^[a-z][a-zA-Z0-9]*$'.","OPEN","4b2ea5fb-0434-4425-bcf5-5e79fe22a5c5"
"src/main/java/com/sodimac/fiscal/api/model/dto/response/ComprobanteResponse.java","48","java:S1068","MAJOR","CODE_SMELL","MAINTAINABILITY=MEDIUM","5min","Remove this unused ""aÃ±o"" private field.","OPEN","2e669c55-3562-48b9-ae07-e8c705c982f6"
"src/main/java/com/sodimac/fiscal/api/model/dto/response/ComprobanteResponse.java","51","java:S1068","MAJOR","CODE_SMELL","MAINTAINABILITY=MEDIUM","5min","Remove this unused ""tipoRelacion"" private field.","OPEN","f1acea6b-2679-40d6-9127-96c8d63b4981"
"src/main/java/com/sodimac/fiscal/api/model/dto/response/ComprobanteResponse.java","52","java:S1068","MAJOR","CODE_SMELL","MAINTAINABILITY=MEDIUM","5min","Remove this unused ""uuidRelacionado"" private field.","OPEN","5bcd74db-30ad-4815-99b7-0b68ca419d19"
"src/main/java/com/sodimac/fiscal/api/model/dto/response/ComprobanteResponse.java","55","java:S1068","MAJOR","CODE_SMELL","MAINTAINABILITY=MEDIUM","5min","Remove this unused ""observaciones"" private field.","OPEN","c0b7d81d-99b9-4e20-b06c-7803d49453be"
"src/main/java/com/sodimac/fiscal/api/model/dto/response/EmisorResponse.java","26","java:S1068","MAJOR","CODE_SMELL","MAINTAINABILITY=MEDIUM","5min","Remove this unused ""rfc"" private field.","OPEN","8ed94189-837c-4c29-93f8-31d86e4f799a"
"src/main/java/com/sodimac/fiscal/api/model/dto/response/EmisorResponse.java","31","java:S1068","MAJOR","CODE_SMELL","MAINTAINABILITY=MEDIUM","5min","Remove this unused ""nombre"" private field.","OPEN","4effa727-1c2b-4c3f-9631-652276cf6a04"
"src/main/java/com/sodimac/fiscal/api/model/dto/response/EmisorResponse.java","36","java:S1068","MAJOR","CODE_SMELL","MAINTAINABILITY=MEDIUM","5min","Remove this unused ""regimenFiscal"" private field.","OPEN","89b1902f-0336-479e-92d7-6fcb6135aefd"
"src/main/java/com/sodimac/fiscal/api/model/dto/response/EmisorResponse.java","41","java:S1068","MAJOR","CODE_SMELL","MAINTAINABILITY=MEDIUM","5min","Remove this unused ""facAtrAdquirente"" private field.","OPEN","bb1d11c6-3c76-4453-b035-98c0e30a120b"
"src/main/java/com/sodimac/fiscal/api/model/dto/response/FiscalXmlResponse.java","27","java:S1068","MAJOR","CODE_SMELL","MAINTAINABILITY=MEDIUM","5min","Remove this unused ""comprobante"" private field.","OPEN","f199690a-818d-4e88-aed2-32a6e060e068"
"src/main/java/com/sodimac/fiscal/api/model/dto/response/FiscalXmlResponse.java","32","java:S1068","MAJOR","CODE_SMELL","MAINTAINABILITY=MEDIUM","5min","Remove this unused ""emisor"" private field.","OPEN","aa4fb178-f9af-44d2-be8f-196d6baec097"
"src/main/java/com/sodimac/fiscal/api/model/dto/response/FiscalXmlResponse.java","37","java:S1068","MAJOR","CODE_SMELL","MAINTAINABILITY=MEDIUM","5min","Remove this unused ""receptor"" private field.","OPEN","14ab04bc-6f48-4162-9ba7-365ac17fb6c6"
"src/main/java/com/sodimac/fiscal/api/model/dto/response/FiscalXmlResponse.java","42","java:S1068","MAJOR","CODE_SMELL","MAINTAINABILITY=MEDIUM","5min","Remove this unused ""timbreFiscalDigital"" private field.","OPEN","c4726dd6-e8a8-4757-affc-4ca2a2317153"
"src/main/java/com/sodimac/fiscal/api/model/dto/response/FiscalXmlResponse.java","47","java:S1068","MAJOR","CODE_SMELL","MAINTAINABILITY=MEDIUM","5min","Remove this unused ""metadatos"" private field.","OPEN","0b62ab53-db5b-442a-9552-5dcd713add23"
"src/main/java/com/sodimac/fiscal/api/model/dto/response/MetadatosResponse.java","28","java:S1068","MAJOR","CODE_SMELL","MAINTAINABILITY=MEDIUM","5min","Remove this unused ""tipoDocumento"" private field.","OPEN","b6bb2f28-c693-4051-b7d4-366714c77411"
"src/main/java/com/sodimac/fiscal/api/model/dto/response/MetadatosResponse.java","33","java:S1068","MAJOR","CODE_SMELL","MAINTAINABILITY=MEDIUM","5min","Remove this unused ""descripcionTipo"" private field.","OPEN","296f339c-6965-4230-82ce-cbaf846edfd5"
"src/main/java/com/sodimac/fiscal/api/model/dto/response/MetadatosResponse.java","38","java:S1068","MAJOR","CODE_SMELL","MAINTAINABILITY=MEDIUM","5min","Remove this unused ""version"" private field.","OPEN","2b1fe0f8-f8fb-4e2b-905b-26b484eab0f3"
"src/main/java/com/sodimac/fiscal/api/model/dto/response/MetadatosResponse.java","43","java:S1068","MAJOR","CODE_SMELL","MAINTAINABILITY=MEDIUM","5min","Remove this unused ""xsdPath"" private field.","OPEN","105e1619-6017-476e-804f-0f0bc4db4551"
"src/main/java/com/sodimac/fiscal/api/model/dto/response/MetadatosResponse.java","48","java:S1068","MAJOR","CODE_SMELL","MAINTAINABILITY=MEDIUM","5min","Remove this unused ""namespace"" private field.","OPEN","c96b5ac8-89b5-464e-ae89-08746023a67d"
"src/main/java/com/sodimac/fiscal/api/model/dto/response/MetadatosResponse.java","53","java:S1068","MAJOR","CODE_SMELL","MAINTAINABILITY=MEDIUM","5min","Remove this unused ""tieneComplementos"" private field.","OPEN","8997de6d-ae7a-4462-9716-6028708c1bbe"
"src/main/java/com/sodimac/fiscal/api/model/dto/response/MetadatosResponse.java","58","java:S1068","MAJOR","CODE_SMELL","MAINTAINABILITY=MEDIUM","5min","Remove this unused ""complementoPrincipal"" private field.","OPEN","bef583b1-06ff-4def-9fb8-fa24327790c5"
"src/main/java/com/sodimac/fiscal/api/model/dto/response/MetadatosResponse.java","63","java:S1068","MAJOR","CODE_SMELL","MAINTAINABILITY=MEDIUM","5min","Remove this unused ""fechaProcesamiento"" private field.","OPEN","4df45da2-924d-40dd-b423-5db986f9c528"
"src/main/java/com/sodimac/fiscal/api/model/dto/response/MetadatosResponse.java","68","java:S1068","MAJOR","CODE_SMELL","MAINTAINABILITY=MEDIUM","5min","Remove this unused ""estado"" private field.","OPEN","b981c51b-ac7f-43c3-b626-ed08ce6b3a9a"
"src/main/java/com/sodimac/fiscal/api/model/dto/response/MetadatosResponse.java","73","java:S1068","MAJOR","CODE_SMELL","MAINTAINABILITY=MEDIUM","5min","Remove this unused ""mensaje"" private field.","OPEN","7fc8cb3e-d659-4672-9c79-f2174cd73bd3"
"src/main/java/com/sodimac/fiscal/api/model/dto/response/PaymentRegistrationResponse.java","27","java:S1068","MAJOR","CODE_SMELL","MAINTAINABILITY=MEDIUM","5min","Remove this unused ""paymentsUuid"" private field.","OPEN","7791b228-3c13-41f4-80fd-1660d27624e1"
"src/main/java/com/sodimac/fiscal/api/model/dto/response/PaymentRegistrationResponse.java","32","java:S1068","MAJOR","CODE_SMELL","MAINTAINABILITY=MEDIUM","5min","Remove this unused ""fileName"" private field.","OPEN","b00aa391-f91a-4150-ac5e-ac3de2e31a8d"
"src/main/java/com/sodimac/fiscal/api/model/dto/response/PaymentRegistrationResponse.java","37","java:S1068","MAJOR","CODE_SMELL","MAINTAINABILITY=MEDIUM","5min","Remove this unused ""processingStatus"" private field.","OPEN","d11b35b1-2000-4f4c-8fd8-4c840b1c381c"
"src/main/java/com/sodimac/fiscal/api/model/dto/response/PaymentRegistrationResponse.java","42","java:S1068","MAJOR","CODE_SMELL","MAINTAINABILITY=MEDIUM","5min","Remove this unused ""responseCode"" private field.","OPEN","4ec09985-f777-4289-baba-4530e479e96f"
"src/main/java/com/sodimac/fiscal/api/model/dto/response/PaymentRegistrationResponse.java","47","java:S1068","MAJOR","CODE_SMELL","MAINTAINABILITY=MEDIUM","5min","Remove this unused ""message"" private field.","OPEN","42740eab-cd5e-4ffc-997b-67e49692436a"
"src/main/java/com/sodimac/fiscal/api/model/dto/response/PaymentRegistrationResponse.java","52","java:S1068","MAJOR","CODE_SMELL","MAINTAINABILITY=MEDIUM","5min","Remove this unused ""folio"" private field.","OPEN","1a985295-97dc-48c1-a7b8-a63afe2a26c0"
"src/main/java/com/sodimac/fiscal/api/model/dto/response/PaymentRegistrationResponse.java","57","java:S1068","MAJOR","CODE_SMELL","MAINTAINABILITY=MEDIUM","5min","Remove this unused ""serie"" private field.","OPEN","98770157-ba6d-4b8b-8e21-80ef24d347a1"
"src/main/java/com/sodimac/fiscal/api/model/dto/response/PaymentRegistrationResponse.java","62","java:S1068","MAJOR","CODE_SMELL","MAINTAINABILITY=MEDIUM","5min","Remove this unused ""rfcEmisor"" private field.","OPEN","eeb98dc7-9bae-4672-9000-2afc7106f9d2"
"src/main/java/com/sodimac/fiscal/api/model/dto/response/PaymentRegistrationResponse.java","67","java:S1068","MAJOR","CODE_SMELL","MAINTAINABILITY=MEDIUM","5min","Remove this unused ""rfcReceptor"" private field.","OPEN","ab5c75f2-47ae-4c90-8658-4e730aa097fe"
"src/main/java/com/sodimac/fiscal/api/model/dto/response/PaymentRegistrationResponse.java","72","java:S1068","MAJOR","CODE_SMELL","MAINTAINABILITY=MEDIUM","5min","Remove this unused ""montoTotalPagos"" private field.","OPEN","7a3d409f-f30c-46eb-bad0-ccd7c48c41f9"
"src/main/java/com/sodimac/fiscal/api/model/dto/response/PaymentRegistrationResponse.java","77","java:S1068","MAJOR","CODE_SMELL","MAINTAINABILITY=MEDIUM","5min","Remove this unused ""fechaRegistro"" private field.","OPEN","956f03a6-14c8-40ed-9f83-4482fc3c200d"
"src/main/java/com/sodimac/fiscal/api/model/dto/response/PaymentRegistrationResponse.java","82","java:S1068","MAJOR","CODE_SMELL","MAINTAINABILITY=MEDIUM","5min","Remove this unused ""logUuid"" private field.","OPEN","8a2484ef-8960-4937-a446-fb25eae37af2"
"src/main/java/com/sodimac/fiscal/api/model/dto/response/PaymentSearchResponse.java","32","java:S1068","MAJOR","CODE_SMELL","MAINTAINABILITY=MEDIUM","5min","Remove this unused ""paymentsUuid"" private field.","OPEN","48212f90-8cf4-44d7-8f96-1fa3c17bc89f"
"src/main/java/com/sodimac/fiscal/api/model/dto/response/PaymentSearchResponse.java","38","java:S1068","MAJOR","CODE_SMELL","MAINTAINABILITY=MEDIUM","5min","Remove this unused ""fiscalUuid"" private field.","OPEN","9a606c35-7c36-4ab0-bfcb-82c2c7a365c6"
"src/main/java/com/sodimac/fiscal/api/model/dto/response/PaymentSearchResponse.java","43","java:S1068","MAJOR","CODE_SMELL","MAINTAINABILITY=MEDIUM","5min","Remove this unused ""version"" private field.","OPEN","763e805f-b1b6-44f8-9caf-93e8bbd0fc58"
"src/main/java/com/sodimac/fiscal/api/model/dto/response/PaymentSearchResponse.java","48","java:S1068","MAJOR","CODE_SMELL","MAINTAINABILITY=MEDIUM","5min","Remove this unused ""paymentDate"" private field.","OPEN","a7bd0154-b91a-4807-bf35-27bf8b45eafe"
"src/main/java/com/sodimac/fiscal/api/model/dto/response/PaymentSearchResponse.java","53","java:S1068","MAJOR","CODE_SMELL","MAINTAINABILITY=MEDIUM","5min","Remove this unused ""certificationDate"" private field.","OPEN","adabdd18-2af4-45f1-8102-549532951ce8"
"src/main/java/com/sodimac/fiscal/api/model/dto/response/PaymentSearchResponse.java","58","java:S1068","MAJOR","CODE_SMELL","MAINTAINABILITY=MEDIUM","5min","Remove this unused ""folio"" private field.","OPEN","173014d0-aacb-4236-a332-f78ea3196323"
"src/main/java/com/sodimac/fiscal/api/model/dto/response/PaymentSearchResponse.java","63","java:S1068","MAJOR","CODE_SMELL","MAINTAINABILITY=MEDIUM","5min","Remove this unused ""series"" private field.","OPEN","d0130476-e955-4640-ab78-f5f32185b2d9"
"src/main/java/com/sodimac/fiscal/api/model/dto/response/PaymentSearchResponse.java","69","java:S1068","MAJOR","CODE_SMELL","MAINTAINABILITY=MEDIUM","5min","Remove this unused ""status"" private field.","OPEN","172857f0-198e-401a-913e-49ce4377e48d"
"src/main/java/com/sodimac/fiscal/api/model/dto/response/PaymentSearchResponse.java","74","java:S1068","MAJOR","CODE_SMELL","MAINTAINABILITY=MEDIUM","5min","Remove this unused ""statusDescription"" private field.","OPEN","b651c308-0815-4c0c-8bfb-ef715d29a3a4"
"src/main/java/com/sodimac/fiscal/api/model/dto/response/PaymentSearchResponse.java","77","java:S1068","MAJOR","CODE_SMELL","MAINTAINABILITY=MEDIUM","5min","Remove this unused ""issuerUuid"" private field.","OPEN","6dda8b95-390a-4d26-b60a-db6bb88c580b"
"src/main/java/com/sodimac/fiscal/api/model/dto/response/PaymentSearchResponse.java","78","java:S1068","MAJOR","CODE_SMELL","MAINTAINABILITY=MEDIUM","5min","Remove this unused ""issuerRfc"" private field.","OPEN","f5489dea-4a57-4e1c-ad2f-2168949e4ffa"
"src/main/java/com/sodimac/fiscal/api/model/dto/response/PaymentSearchResponse.java","79","java:S1068","MAJOR","CODE_SMELL","MAINTAINABILITY=MEDIUM","5min","Remove this unused ""issuerName"" private field.","OPEN","0c582a1f-f527-48fa-aee3-6fb4d9c3775d"
"src/main/java/com/sodimac/fiscal/api/model/dto/response/PaymentSearchResponse.java","82","java:S1068","MAJOR","CODE_SMELL","MAINTAINABILITY=MEDIUM","5min","Remove this unused ""receiverUuid"" private field.","OPEN","59fd7f80-be50-4d39-9f00-b3bf7559f85d"
"src/main/java/com/sodimac/fiscal/api/model/dto/response/PaymentSearchResponse.java","83","java:S1068","MAJOR","CODE_SMELL","MAINTAINABILITY=MEDIUM","5min","Remove this unused ""receiverRfc"" private field.","OPEN","da21aa5b-b76d-4a79-8a40-b4eca0a7e0e1"
"src/main/java/com/sodimac/fiscal/api/model/dto/response/PaymentSearchResponse.java","84","java:S1068","MAJOR","CODE_SMELL","MAINTAINABILITY=MEDIUM","5min","Remove this unused ""receiverName"" private field.","OPEN","0c74a785-dea5-41c8-bb05-ff23afd5ba5a"
"src/main/java/com/sodimac/fiscal/api/model/dto/response/PaymentSearchResponse.java","89","java:S1068","MAJOR","CODE_SMELL","MAINTAINABILITY=MEDIUM","5min","Remove this unused ""totalAmount"" private field.","OPEN","d7b2cacd-c59b-4a3f-93ac-d05b00435ca2"
"src/main/java/com/sodimac/fiscal/api/model/dto/response/PaymentSearchResponse.java","94","java:S1068","MAJOR","CODE_SMELL","MAINTAINABILITY=MEDIUM","5min","Remove this unused ""relatedDocumentsCount"" private field.","OPEN","8f4e8625-d3c4-48e5-bb20-84841a9daa17"
"src/main/java/com/sodimac/fiscal/api/model/dto/response/PaymentSearchResponse.java","100","java:S1068","MAJOR","CODE_SMELL","MAINTAINABILITY=MEDIUM","5min","Remove this unused ""tipoProveedor"" private field.","OPEN","13eef532-d514-4455-bba1-c9164c05d86e"
"src/main/java/com/sodimac/fiscal/api/model/dto/response/PaymentSearchResponse.java","101","java:S1068","MAJOR","CODE_SMELL","MAINTAINABILITY=MEDIUM","5min","Remove this unused ""tipoProveedorDescripcion"" private field.","OPEN","e08c320e-61f0-4cc3-8e92-d9809529800b"
"src/main/java/com/sodimac/fiscal/api/model/dto/response/PaymentSearchResponse.java","106","java:S1068","MAJOR","CODE_SMELL","MAINTAINABILITY=MEDIUM","5min","Remove this unused ""createdAt"" private field.","OPEN","fee8fd6d-bb9c-4f42-90db-385d7dfb91eb"
"src/main/java/com/sodimac/fiscal/api/model/dto/response/PaymentSearchResponse.java","111","java:S1068","MAJOR","CODE_SMELL","MAINTAINABILITY=MEDIUM","5min","Remove this unused ""createdBy"" private field.","OPEN","eb61ed3e-6ab3-440b-b1cb-7c9fdd6b2f5f"
"src/main/java/com/sodimac/fiscal/api/model/dto/response/ReceptorResponse.java","26","java:S1068","MAJOR","CODE_SMELL","MAINTAINABILITY=MEDIUM","5min","Remove this unused ""rfc"" private field.","OPEN","86d70dee-b3d4-4c3b-a477-34f0fbd1568b"
"src/main/java/com/sodimac/fiscal/api/model/dto/response/ReceptorResponse.java","31","java:S1068","MAJOR","CODE_SMELL","MAINTAINABILITY=MEDIUM","5min","Remove this unused ""nombre"" private field.","OPEN","8cdfb731-fdd2-4669-87f8-3f9f7ad09fe6"
"src/main/java/com/sodimac/fiscal/api/model/dto/response/ReceptorResponse.java","36","java:S1068","MAJOR","CODE_SMELL","MAINTAINABILITY=MEDIUM","5min","Remove this unused ""domicilioFiscalReceptor"" private field.","OPEN","3b3826b7-f57d-4558-9b23-b3a88fc70406"
"src/main/java/com/sodimac/fiscal/api/model/dto/response/ReceptorResponse.java","41","java:S1068","MAJOR","CODE_SMELL","MAINTAINABILITY=MEDIUM","5min","Remove this unused ""regimenFiscalReceptor"" private field.","OPEN","3aaa0020-2742-4131-b8fe-6c79874d4a4a"
"src/main/java/com/sodimac/fiscal/api/model/dto/response/ReceptorResponse.java","46","java:S1068","MAJOR","CODE_SMELL","MAINTAINABILITY=MEDIUM","5min","Remove this unused ""usoCFDI"" private field.","OPEN","8bafcc13-8fa3-4feb-aec5-d45ec59730a3"
"src/main/java/com/sodimac/fiscal/api/model/dto/response/ReceptorResponse.java","51","java:S1068","MAJOR","CODE_SMELL","MAINTAINABILITY=MEDIUM","5min","Remove this unused ""residenciaFiscal"" private field.","OPEN","cbc56de2-88b9-4f89-969e-f3639cdf7247"
"src/main/java/com/sodimac/fiscal/api/model/dto/response/ReceptorResponse.java","56","java:S1068","MAJOR","CODE_SMELL","MAINTAINABILITY=MEDIUM","5min","Remove this unused ""numRegIdTrib"" private field.","OPEN","a3faa3f3-9821-46c3-8838-0434b75eb1a1"
"src/main/java/com/sodimac/fiscal/api/model/dto/response/TimbreFiscalDigitalResponse.java","27","java:S1068","MAJOR","CODE_SMELL","MAINTAINABILITY=MEDIUM","5min","Remove this unused ""version"" private field.","OPEN","a818ca4d-11f3-4dcf-9394-f6d939098d77"
"src/main/java/com/sodimac/fiscal/api/model/dto/response/TimbreFiscalDigitalResponse.java","32","java:S1068","MAJOR","CODE_SMELL","MAINTAINABILITY=MEDIUM","5min","Remove this unused ""uuid"" private field.","OPEN","e265bfe7-fbd1-4dd4-82bc-6efadde6a339"
"src/main/java/com/sodimac/fiscal/api/model/dto/response/TimbreFiscalDigitalResponse.java","37","java:S1068","MAJOR","CODE_SMELL","MAINTAINABILITY=MEDIUM","5min","Remove this unused ""fechaTimbrado"" private field.","OPEN","03e04c52-f38b-474b-8ccd-e9e59ecae140"
"src/main/java/com/sodimac/fiscal/api/model/dto/response/TimbreFiscalDigitalResponse.java","42","java:S1068","MAJOR","CODE_SMELL","MAINTAINABILITY=MEDIUM","5min","Remove this unused ""rfcProvCertif"" private field.","OPEN","1b3eb95c-5451-4cfb-9b3a-c0657d4e13e7"
"src/main/java/com/sodimac/fiscal/api/model/dto/response/TimbreFiscalDigitalResponse.java","47","java:S1068","MAJOR","CODE_SMELL","MAINTAINABILITY=MEDIUM","5min","Remove this unused ""leyenda"" private field.","OPEN","1dc100ef-7d98-4e5d-80a9-6c259fe710ac"
"src/main/java/com/sodimac/fiscal/api/model/dto/response/TimbreFiscalDigitalResponse.java","52","java:S1068","MAJOR","CODE_SMELL","MAINTAINABILITY=MEDIUM","5min","Remove this unused ""selloCFD"" private field.","OPEN","6ae5c5bc-56c3-4097-a72b-3f9d767850a1"
"src/main/java/com/sodimac/fiscal/api/model/dto/response/TimbreFiscalDigitalResponse.java","57","java:S1068","MAJOR","CODE_SMELL","MAINTAINABILITY=MEDIUM","5min","Remove this unused ""noCertificadoSAT"" private field.","OPEN","1de14878-06fc-49c4-aeba-72f393e18701"
"src/main/java/com/sodimac/fiscal/api/model/dto/response/TimbreFiscalDigitalResponse.java","62","java:S1068","MAJOR","CODE_SMELL","MAINTAINABILITY=MEDIUM","5min","Remove this unused ""selloSAT"" private field.","OPEN","866b4e37-b201-4f3b-96b6-427f67b6a7dd"
"src/main/java/com/sodimac/fiscal/api/model/dto/ResponseValidationDetecnoDto.java","19","java:S107","MAJOR","CODE_SMELL","MAINTAINABILITY=MEDIUM","20min","Constructor has 11 parameters, which is greater than 7 authorized.","OPEN","6bdc6d1b-7563-4691-beb5-fff602ee5d46"
"src/main/java/com/sodimac/fiscal/api/model/dto/StatusTrainValidationResult.java","23","java:S1068","MAJOR","CODE_SMELL","MAINTAINABILITY=MEDIUM","5min","Remove this unused ""valid"" private field.","OPEN","781630fb-123f-429f-bb54-0320258b88d6"
"src/main/java/com/sodimac/fiscal/api/model/dto/StatusTrainValidationResult.java","28","java:S1068","MAJOR","CODE_SMELL","MAINTAINABILITY=MEDIUM","5min","Remove this unused ""errorCode"" private field.","OPEN","060dd1cb-3a5c-460a-85a9-5201bd6403bf"
"src/main/java/com/sodimac/fiscal/api/model/dto/StatusTrainValidationResult.java","33","java:S1068","MAJOR","CODE_SMELL","MAINTAINABILITY=MEDIUM","5min","Remove this unused ""errorMessage"" private field.","OPEN","d7d4e589-cd6c-40bc-b6f5-b325ebff8263"
"src/main/java/com/sodimac/fiscal/api/model/dto/TotalsDto.java","15","java:S1068","MAJOR","CODE_SMELL","MAINTAINABILITY=MEDIUM","5min","Remove this unused ""totalsUuid"" private field.","OPEN","7c5f9c39-1bce-4a7c-8fb8-7a07708fca73"
"src/main/java/com/sodimac/fiscal/api/model/dto/VersionCatalogDto.java","14","java:S1068","MAJOR","CODE_SMELL","MAINTAINABILITY=MEDIUM","5min","Remove this unused ""versionId"" private field.","OPEN","a8d7a183-0712-4ea2-935b-42e4f01be7b5"
"src/main/java/com/sodimac/fiscal/api/model/dto/VersionCatalogDto.java","15","java:S1068","MAJOR","CODE_SMELL","MAINTAINABILITY=MEDIUM","5min","Remove this unused ""name"" private field.","OPEN","84960d0a-4acc-47bf-abab-2bf1808ecfa2"
"src/main/java/com/sodimac/fiscal/api/model/dto/VersionCatalogDto.java","16","java:S1068","MAJOR","CODE_SMELL","MAINTAINABILITY=MEDIUM","5min","Remove this unused ""description"" private field.","OPEN","ff1d30f1-0bf8-4a57-b449-e9bfba46e215"
"src/main/java/com/sodimac/fiscal/api/model/dto/VersionCatalogDto.java","17","java:S1068","MAJOR","CODE_SMELL","MAINTAINABILITY=MEDIUM","5min","Remove this unused ""version"" private field.","OPEN","dd8f8976-3a81-41e8-834a-5eea4ca6f865"
"src/main/java/com/sodimac/fiscal/api/model/dto/VersionCatalogDto.java","18","java:S1068","MAJOR","CODE_SMELL","MAINTAINABILITY=MEDIUM","5min","Remove this unused ""documentType"" private field.","OPEN","0032c3cf-f2c3-4cbd-88b3-c88ca7102048"
"src/main/java/com/sodimac/fiscal/api/model/dto/VersionCatalogDto.java","19","java:S1068","MAJOR","CODE_SMELL","MAINTAINABILITY=MEDIUM","5min","Remove this unused ""pacId"" private field.","OPEN","edc10fd5-1b9f-407b-afb4-dc46b874e531"
"src/main/java/com/sodimac/fiscal/api/model/dto/VersionCatalogDto.java","20","java:S1068","MAJOR","CODE_SMELL","MAINTAINABILITY=MEDIUM","5min","Remove this unused ""validFrom"" private field.","OPEN","0d173dcb-e1b0-4e96-a8cf-8a6c762fe125"
"src/main/java/com/sodimac/fiscal/api/model/dto/VersionCatalogDto.java","21","java:S1068","MAJOR","CODE_SMELL","MAINTAINABILITY=MEDIUM","5min","Remove this unused ""validTo"" private field.","OPEN","dadb813a-43bc-464a-8a22-07383304bf51"
"src/main/java/com/sodimac/fiscal/api/model/dto/VersionCatalogDto.java","22","java:S1068","MAJOR","CODE_SMELL","MAINTAINABILITY=MEDIUM","5min","Remove this unused ""structureUrl"" private field.","OPEN","6c565137-4032-451a-9214-8b33aadb887e"
"src/main/java/com/sodimac/fiscal/api/model/dto/VersionCatalogDto.java","23","java:S1068","MAJOR","CODE_SMELL","MAINTAINABILITY=MEDIUM","5min","Remove this unused ""status"" private field.","OPEN","c3203062-150e-495e-b38b-c249d068f6ae"
"src/main/java/com/sodimac/fiscal/api/model/dto/XmlFIscalDto.java","5","java:S116","MINOR","CODE_SMELL","MAINTAINABILITY=LOW","2min","Rename this field ""UUID"" to match the regular expression '^[a-z][a-zA-Z0-9]*$'.","OPEN","9e68f80f-000c-4a40-bcf5-44397bd48778"
"src/main/java/com/sodimac/fiscal/api/model/dto/XmlFIscalDto.java","6","java:S116","MINOR","CODE_SMELL","MAINTAINABILITY=LOW","2min","Rename this field ""Rfc"" to match the regular expression '^[a-z][a-zA-Z0-9]*$'.","OPEN","a7102a67-44f1-4e88-b3c0-90cfd07b69ff"
"src/main/java/com/sodimac/fiscal/api/model/dto/XmlFIscalDto.java","7","java:S116","MINOR","CODE_SMELL","MAINTAINABILITY=LOW","2min","Rename this field ""VersionCFDI"" to match the regular expression '^[a-z][a-zA-Z0-9]*$'.","OPEN","0d5ab129-b807-4f92-87de-dd47881bd8e3"
"src/main/java/com/sodimac/fiscal/api/model/dto/XmlFIscalDto.java","11","java:S117","MINOR","CODE_SMELL","MAINTAINABILITY=LOW","2min","Rename this local variable to match the regular expression '^[a-z][a-zA-Z0-9]*$'.","OPEN","a232aa0b-ea87-4fd0-91f4-8a9a40421a96"
"src/main/java/com/sodimac/fiscal/api/model/dto/XmlFIscalDto.java","11","java:S117","MINOR","CODE_SMELL","MAINTAINABILITY=LOW","2min","Rename this local variable to match the regular expression '^[a-z][a-zA-Z0-9]*$'.","OPEN","84c4780c-1f8e-40f1-af9a-132143f51514"
"src/main/java/com/sodimac/fiscal/api/model/dto/XmlFIscalDto.java","11","java:S117","MINOR","CODE_SMELL","MAINTAINABILITY=LOW","2min","Rename this local variable to match the regular expression '^[a-z][a-zA-Z0-9]*$'.","OPEN","b8d29c27-2bdb-4412-a795-24b4aecd452c"
"src/main/java/com/sodimac/fiscal/api/pdf/impl/PaymentPdfServiceImpl.java","41","java:S3077","MINOR","BUG","RELIABILITY=LOW","20min","Use a thread-safe type; adding ""volatile"" is not enough to make this field thread-safe.","OPEN","44937502-9381-496f-b02f-7aae38ce1429"
"src/main/java/com/sodimac/fiscal/api/pdf/impl/PdfRenderServiceImpl.java","51","java:S3077","MINOR","BUG","RELIABILITY=LOW","20min","Use a thread-safe type; adding ""volatile"" is not enough to make this field thread-safe.","OPEN","fe03228c-b170-4168-b382-b7f9158eb3f5"
"src/main/java/com/sodimac/fiscal/api/pdf/impl/PdfRenderServiceImpl.java","128","java:S1192","CRITICAL","CODE_SMELL","MAINTAINABILITY=HIGH","8min","Define a constant instead of duplicating this literal ""no_logo.jpg"" 3 times.","OPEN","c864e1fd-9f5e-42ac-b0f0-a6f6024bde18"
"src/main/java/com/sodimac/fiscal/api/pdf/PdfRenderService.java","3","java:S1128","MINOR","CODE_SMELL","MAINTAINABILITY=LOW","1min","Remove this unused import 'java.nio.file.Path'.","OPEN","9c21d303-28f3-4f4c-afa1-6a6c7c124e90"
"src/main/java/com/sodimac/fiscal/api/repository/PaymentsRepositoryCustomImpl.java","62","java:S1192","CRITICAL","CODE_SMELL","MAINTAINABILITY=HIGH","10min","Define a constant instead of duplicating this literal ""issuer"" 4 times.","OPEN","b4bbfcc7-36ce-417f-8ddc-71481cf6af01"
"src/main/java/com/sodimac/fiscal/api/repository/PaymentsRepositoryCustomImpl.java","63","java:S1192","CRITICAL","CODE_SMELL","MAINTAINABILITY=HIGH","10min","Define a constant instead of duplicating this literal ""receiver"" 4 times.","OPEN","6b9c31cd-52ee-45ec-b843-e782d62bfcf0"
"src/main/java/com/sodimac/fiscal/api/repository/PaymentsRepositoryCustomImpl.java","114","java:S1192","CRITICAL","CODE_SMELL","MAINTAINABILITY=HIGH","16min","Define a constant instead of duplicating this literal ""paymentsUuid"" 7 times.","OPEN","eaf3f83e-af94-474b-a23e-20acd9065c6f"
"src/main/java/com/sodimac/fiscal/api/repository/specification/InvoiceSpecification.java","28","java:S1118","MAJOR","CODE_SMELL","MAINTAINABILITY=MEDIUM","5min","Add a private constructor to hide the implicit public one.","OPEN","3cc2a275-9217-4c47-8581-9bdfac00369c"
"src/main/java/com/sodimac/fiscal/api/repository/specification/InvoiceSpecification.java","40","java:S3776","CRITICAL","CODE_SMELL","MAINTAINABILITY=HIGH","40min","Refactor this method to reduce its Cognitive Complexity from 50 to the 15 allowed.","OPEN","d94cc065-a595-4b18-8f54-fa062c72a982"
"src/main/java/com/sodimac/fiscal/api/repository/specification/InvoiceSpecification.java","64","java:S125","MAJOR","CODE_SMELL","MAINTAINABILITY=MEDIUM","5min","This block of commented-out lines of code should be removed.","OPEN","fa60a471-642e-4d8e-8612-f3047f11f56a"
"src/main/java/com/sodimac/fiscal/api/repository/specification/InvoiceSpecification.java","72","java:S1192","CRITICAL","CODE_SMELL","MAINTAINABILITY=HIGH","12min","Define a constant instead of duplicating this literal ""createdAt"" 5 times.","OPEN","38768af0-be35-40c1-a6ab-ec73fcc027ac"
"src/main/java/com/sodimac/fiscal/api/repository/specification/InvoiceSpecification.java","106","java:S1192","CRITICAL","CODE_SMELL","MAINTAINABILITY=HIGH","26min","Define a constant instead of duplicating this literal ""invoiceUuid"" 12 times.","OPEN","8353bda5-b61a-42ab-a142-f6d970a634d0"
"src/main/java/com/sodimac/fiscal/api/response/ResponseHandler.java","9","java:S1118","MAJOR","CODE_SMELL","MAINTAINABILITY=MEDIUM","5min","Add a private constructor to hide the implicit public one.","OPEN","e536708e-2b2f-43fc-9226-d4cd50de1dd1"
"src/main/java/com/sodimac/fiscal/api/security/GroupValidator.java","53","java:S1192","CRITICAL","CODE_SMELL","MAINTAINABILITY=HIGH","8min","Define a constant instead of duplicating this literal ""FORBIDDEN"" 3 times.","OPEN","fc93ceb1-195e-4adb-a183-74364deec3b2"
"src/main/java/com/sodimac/fiscal/api/security/UtilApiSecurityClient.java","43","java:S3776","CRITICAL","CODE_SMELL","MAINTAINABILITY=HIGH","6min","Refactor this method to reduce its Cognitive Complexity from 16 to the 15 allowed.","OPEN","89d45cc4-7584-450e-99f2-4c436ac9a766"
"src/main/java/com/sodimac/fiscal/api/security/UtilApiSecurityClient.java","90","java:S2142","MAJOR","BUG","RELIABILITY=MEDIUM","15min","Either re-interrupt this method or rethrow the ""InterruptedException"" that can be caught here.","OPEN","07c52aab-6894-4ac9-88b9-74cb0d330dda"
"src/main/java/com/sodimac/fiscal/api/service/ActivityLogService.java","33","java:S107","MAJOR","CODE_SMELL","MAINTAINABILITY=MEDIUM","20min","Method has 8 parameters, which is greater than 7 authorized.","OPEN","efa57a92-1622-4bad-bf9b-89a8399a24fe"
"src/main/java/com/sodimac/fiscal/api/service/AuditoriaApiService.java","32","java:S107","MAJOR","CODE_SMELL","MAINTAINABILITY=MEDIUM","20min","Method has 9 parameters, which is greater than 7 authorized.","OPEN","4aafa796-bb0d-4702-a116-ae887f5a44e2"
"src/main/java/com/sodimac/fiscal/api/service/GcsStorageService.java","6","java:S112","MAJOR","CODE_SMELL","MAINTAINABILITY=MEDIUM","20min","Define and throw a dedicated exception instead of using a generic one.","OPEN","78bb3ac6-4478-4309-aaf9-181fbe93e9e6"
"src/main/java/com/sodimac/fiscal/api/service/GcsStorageService.java","7","java:S112","MAJOR","CODE_SMELL","MAINTAINABILITY=MEDIUM","20min","Define and throw a dedicated exception instead of using a generic one.","OPEN","a76de164-2476-49b0-a7b9-704fe9c6c696"
"src/main/java/com/sodimac/fiscal/api/service/impl/CartaPorteXmlProcessorServiceImpl.java","41","java:S1874","MINOR","CODE_SMELL","MAINTAINABILITY=LOW","15min","Remove this use of ""throwError""; it is deprecated.","OPEN","715a000b-9fe4-4495-beb9-3355c3dc0d60"
"src/main/java/com/sodimac/fiscal/api/service/impl/CartaPorteXmlProcessorServiceImpl.java","71","java:S1874","MINOR","CODE_SMELL","MAINTAINABILITY=LOW","15min","Remove this use of ""throwError""; it is deprecated.","OPEN","a39faca8-43b2-4db6-ba94-5e5ae3a558e1"
"src/main/java/com/sodimac/fiscal/api/service/impl/CartaPorteXmlProcessorServiceImpl.java","83","java:S1874","MINOR","CODE_SMELL","MAINTAINABILITY=LOW","15min","Remove this use of ""throwError""; it is deprecated.","OPEN","012c92f5-4c1b-4c63-af85-bd8f6e68097b"
"src/main/java/com/sodimac/fiscal/api/service/impl/CartaPorteXmlProcessorServiceImpl.java","88","java:S1874","MINOR","CODE_SMELL","MAINTAINABILITY=LOW","15min","Remove this use of ""throwError""; it is deprecated.","OPEN","3ba7dee3-6e73-4ee3-956a-cafdb04ef776"
"src/main/java/com/sodimac/fiscal/api/service/impl/CartaPorteXmlProcessorServiceImpl.java","102","java:S1874","MINOR","CODE_SMELL","MAINTAINABILITY=LOW","15min","Remove this use of ""throwError""; it is deprecated.","OPEN","1474500e-1529-42a5-85ee-1870cc95c925"
"src/main/java/com/sodimac/fiscal/api/service/impl/CartaPorteXmlProcessorServiceImpl.java","107","java:S1874","MINOR","CODE_SMELL","MAINTAINABILITY=LOW","15min","Remove this use of ""throwError""; it is deprecated.","OPEN","81dacfff-d7f3-44b8-850a-4ee0762a0113"
"src/main/java/com/sodimac/fiscal/api/service/impl/CartaPorteXmlProcessorServiceImpl.java","111","java:S1874","MINOR","CODE_SMELL","MAINTAINABILITY=LOW","15min","Remove this use of ""throwError""; it is deprecated.","OPEN","dc4f4359-ff35-4457-8226-fcbc1fc90f66"
"src/main/java/com/sodimac/fiscal/api/service/impl/CartaPorteXmlProcessorServiceImpl.java","115","java:S1874","MINOR","CODE_SMELL","MAINTAINABILITY=LOW","15min","Remove this use of ""throwError""; it is deprecated.","OPEN","2f3d6201-466a-47ad-b390-7f347c94ebc4"
"src/main/java/com/sodimac/fiscal/api/service/impl/CartaPorteXmlProcessorServiceImpl.java","119","java:S1874","MINOR","CODE_SMELL","MAINTAINABILITY=LOW","15min","Remove this use of ""throwError""; it is deprecated.","OPEN","a699d3aa-dacb-40de-9df1-6059ad41ed71"
"src/main/java/com/sodimac/fiscal/api/service/impl/CartaPorteXmlProcessorServiceImpl.java","137","java:S1874","MINOR","CODE_SMELL","MAINTAINABILITY=LOW","15min","Remove this use of ""throwError""; it is deprecated.","OPEN","97a71015-b221-4732-b38f-08c9fedc9999"
"src/main/java/com/sodimac/fiscal/api/service/impl/CartaPorteXmlProcessorServiceImpl.java","141","java:S1874","MINOR","CODE_SMELL","MAINTAINABILITY=LOW","15min","Remove this use of ""throwError""; it is deprecated.","OPEN","fb5a6737-c56b-45b1-a9cb-95ff4f1f4d76"
"src/main/java/com/sodimac/fiscal/api/service/impl/CartaPorteXmlProcessorServiceImpl.java","145","java:S1874","MINOR","CODE_SMELL","MAINTAINABILITY=LOW","15min","Remove this use of ""throwError""; it is deprecated.","OPEN","4c35949e-fbb1-489d-993a-51c65a6ac10e"
"src/main/java/com/sodimac/fiscal/api/service/impl/CartaPorteXmlProcessorServiceImpl.java","192","java:S1874","MINOR","CODE_SMELL","MAINTAINABILITY=LOW","15min","Remove this use of ""throwError""; it is deprecated.","OPEN","8fc04f90-7183-4584-8f7f-e3a0007fbedf"
"src/main/java/com/sodimac/fiscal/api/service/impl/CfdiXmlProcessorServiceImpl.java","42","java:S1874","MINOR","CODE_SMELL","MAINTAINABILITY=LOW","15min","Remove this use of ""throwError""; it is deprecated.","OPEN","d2b8952e-9c63-4f62-9ed2-4acfaba95d09"
"src/main/java/com/sodimac/fiscal/api/service/impl/CfdiXmlProcessorServiceImpl.java","56","java:S1135","INFO","CODE_SMELL","MAINTAINABILITY=LOW","0min","Complete the task associated to this TODO comment.","OPEN","c68676ee-79ab-4d76-bfad-b9ede13e0622"
"src/main/java/com/sodimac/fiscal/api/service/impl/CfdiXmlProcessorServiceImpl.java","75","java:S1874","MINOR","CODE_SMELL","MAINTAINABILITY=LOW","15min","Remove this use of ""throwError""; it is deprecated.","OPEN","91d08ae4-23dc-40a8-bcdc-23386cc5a479"
"src/main/java/com/sodimac/fiscal/api/service/impl/CfdiXmlProcessorServiceImpl.java","107","java:S1874","MINOR","CODE_SMELL","MAINTAINABILITY=LOW","15min","Remove this use of ""throwError""; it is deprecated.","OPEN","8bb818a1-53bf-4a13-bd02-836604641cbb"
"src/main/java/com/sodimac/fiscal/api/service/impl/CfdiXmlProcessorServiceImpl.java","115","java:S1874","MINOR","CODE_SMELL","MAINTAINABILITY=LOW","15min","Remove this use of ""throwError""; it is deprecated.","OPEN","4e7bfa77-1ad6-4914-b709-1d2bae868aa0"
"src/main/java/com/sodimac/fiscal/api/service/impl/CfdiXmlProcessorServiceImpl.java","122","java:S1874","MINOR","CODE_SMELL","MAINTAINABILITY=LOW","15min","Remove this use of ""throwError""; it is deprecated.","OPEN","a49e96f9-9a00-485e-bdf5-9153bc9b1b9a"
"src/main/java/com/sodimac/fiscal/api/service/impl/CfdiXmlProcessorServiceImpl.java","136","java:S1874","MINOR","CODE_SMELL","MAINTAINABILITY=LOW","15min","Remove this use of ""throwError""; it is deprecated.","OPEN","37934c63-229a-4189-8270-10fefe496d95"
"src/main/java/com/sodimac/fiscal/api/service/impl/CfdiXmlProcessorServiceImpl.java","140","java:S1874","MINOR","CODE_SMELL","MAINTAINABILITY=LOW","15min","Remove this use of ""throwError""; it is deprecated.","OPEN","45ad3fd7-c2dd-4295-823c-a3e0de8175c1"
"src/main/java/com/sodimac/fiscal/api/service/impl/CfdiXmlProcessorServiceImpl.java","144","java:S1874","MINOR","CODE_SMELL","MAINTAINABILITY=LOW","15min","Remove this use of ""throwError""; it is deprecated.","OPEN","9799f5a4-f034-4661-8308-8efe665bf1ff"
"src/main/java/com/sodimac/fiscal/api/service/impl/CfdiXmlProcessorServiceImpl.java","157","java:S1874","MINOR","CODE_SMELL","MAINTAINABILITY=LOW","15min","Remove this use of ""throwError""; it is deprecated.","OPEN","2bdaf650-5f26-4cdf-9db8-c383eca19f58"
"src/main/java/com/sodimac/fiscal/api/service/impl/CfdiXmlProcessorServiceImpl.java","162","java:S1874","MINOR","CODE_SMELL","MAINTAINABILITY=LOW","15min","Remove this use of ""throwError""; it is deprecated.","OPEN","1ffc5e97-fce1-4d41-8325-3afd3259942d"
"src/main/java/com/sodimac/fiscal/api/service/impl/FiscalXmlTransformerServiceImpl.java","65","java:S112","MAJOR","CODE_SMELL","MAINTAINABILITY=MEDIUM","20min","Define and throw a dedicated exception instead of using a generic one.","OPEN","1f65cbeb-1572-45c6-b909-3376d234a7f8"
"src/main/java/com/sodimac/fiscal/api/service/impl/FiscalXmlTransformerServiceImpl.java","264","java:S112","MAJOR","CODE_SMELL","MAINTAINABILITY=MEDIUM","20min","Define and throw a dedicated exception instead of using a generic one.","OPEN","36f6e961-6d4e-49b0-b895-3f9c520ec4e3"
"src/main/java/com/sodimac/fiscal/api/service/impl/FiscalXmlTransformerServiceImpl.java","265","java:S2755","BLOCKER","VULNERABILITY","SECURITY=HIGH","15min","Disable access to external entities in XML parsing.","OPEN","50ad13bd-eeab-42f5-b306-0d0da3f7d88a"
"src/main/java/com/sodimac/fiscal/api/service/impl/GcsStorageServiceImpl.java","42","java:S5850","MAJOR","BUG","RELIABILITY=MEDIUM","10min","Group parts of the regex together to make the intended operator precedence explicit.","OPEN","7eccfb60-3bac-4da5-adde-1dfdf6c72ebe"
"src/main/java/com/sodimac/fiscal/api/service/impl/InvoiceRegistrationServiceImpl.java","69","java:S1192","CRITICAL","CODE_SMELL","MAINTAINABILITY=HIGH","18min","Define a constant instead of duplicating this literal ""========================================"" 8 times.","OPEN","5809b5d2-5c47-454b-95af-ad5331e1dc9f"
"src/main/java/com/sodimac/fiscal/api/service/impl/InvoiceRegistrationServiceImpl.java","136","java:S1135","INFO","CODE_SMELL","MAINTAINABILITY=LOW","0min","Complete the task associated to this TODO comment.","OPEN","a42b025f-aa30-4248-bf4e-19fd1789475d"
"src/main/java/com/sodimac/fiscal/api/service/impl/InvoiceRegistrationServiceImpl.java","137","java:S125","MAJOR","CODE_SMELL","MAINTAINABILITY=MEDIUM","5min","This block of commented-out lines of code should be removed.","OPEN","d1cc863f-8ee0-43ed-a9cc-2c80f1888942"
"src/main/java/com/sodimac/fiscal/api/service/impl/InvoiceRegistrationServiceImpl.java","293","java:S1172","MAJOR","CODE_SMELL","MAINTAINABILITY=MEDIUM","5min","Remove this unused method parameter ""invoiceDto"".","OPEN","4fea57dc-fb14-4a61-870b-804d0b1f1a68"
"src/main/java/com/sodimac/fiscal/api/service/impl/InvoiceRegistrationServiceImpl.java","415","java:S1172","MAJOR","CODE_SMELL","MAINTAINABILITY=MEDIUM","5min","Remove this unused method parameter ""invoiceDto"".","OPEN","ff28acdb-c109-4854-8d67-869796331e99"
"src/main/java/com/sodimac/fiscal/api/service/impl/InvoiceServiceImpl.java","81","java:S1068","MAJOR","CODE_SMELL","MAINTAINABILITY=MEDIUM","5min","Remove this unused ""addendaValidator"" private field.","OPEN","b1053810-bb65-4eee-881e-696ccce4a773"
"src/main/java/com/sodimac/fiscal/api/service/impl/InvoiceServiceImpl.java","92","java:S1068","MAJOR","CODE_SMELL","MAINTAINABILITY=MEDIUM","5min","Remove this unused ""activityLogService"" private field.","OPEN","95f71254-17a1-4e1f-b8dc-371c7fa69dca"
"src/main/java/com/sodimac/fiscal/api/service/impl/InvoiceServiceImpl.java","122","java:S3776","CRITICAL","CODE_SMELL","MAINTAINABILITY=HIGH","13min","Refactor this method to reduce its Cognitive Complexity from 23 to the 15 allowed.","OPEN","5924f9bf-9f2e-4490-921e-bbd1b481be9f"
"src/main/java/com/sodimac/fiscal/api/service/impl/InvoiceServiceImpl.java","122","java:S6541","INFO","CODE_SMELL","MAINTAINABILITY=INFO","0min","A ""Brain Method"" was detected. Refactor it to reduce at least one of the following metrics: LOC from 234 to 64, Complexity from 19 to 14, Nesting Level from 3 to 2, Number of Variables from 27 to 6.","OPEN","8cdad023-b376-4b9a-b0a2-2fa7dd5acf56"
"src/main/java/com/sodimac/fiscal/api/service/impl/InvoiceServiceImpl.java","128","java:S1192","CRITICAL","CODE_SMELL","MAINTAINABILITY=HIGH","50min","Define a constant instead of duplicating this literal ""========================================"" 24 times.","OPEN","e5e5aa25-4134-4e9a-a0ed-8088eca50263"
"src/main/java/com/sodimac/fiscal/api/service/impl/InvoiceServiceImpl.java","136","java:S1192","CRITICAL","CODE_SMELL","MAINTAINABILITY=HIGH","56min","Define a constant instead of duplicating this literal ""system"" 27 times.","OPEN","b98e716d-758f-4681-ac09-78621859f4b8"
"src/main/java/com/sodimac/fiscal/api/service/impl/InvoiceServiceImpl.java","180","java:S1192","CRITICAL","CODE_SMELL","MAINTAINABILITY=HIGH","12min","Define a constant instead of duplicating this literal ""Codigo: "" 5 times.","OPEN","508f01c5-b2f2-458b-a85b-a9bb79ccb0d3"
"src/main/java/com/sodimac/fiscal/api/service/impl/InvoiceServiceImpl.java","189","java:S1192","CRITICAL","CODE_SMELL","MAINTAINABILITY=HIGH","8min","Define a constant instead of duplicating this literal ""Serie: "" 3 times.","OPEN","5f74f8c2-4388-479e-aecc-10dda372bad4"
"src/main/java/com/sodimac/fiscal/api/service/impl/InvoiceServiceImpl.java","189","java:S1192","CRITICAL","CODE_SMELL","MAINTAINABILITY=HIGH","8min","Define a constant instead of duplicating this literal "", Folio: "" 3 times.","OPEN","6ab78757-509b-4dd1-898f-a627855e3b66"
"src/main/java/com/sodimac/fiscal/api/service/impl/InvoiceServiceImpl.java","217","java:S1192","CRITICAL","CODE_SMELL","MAINTAINABILITY=HIGH","8min","Define a constant instead of duplicating this literal ""RFC: "" 3 times.","OPEN","8f0b1cfc-f52d-4697-92f5-05ce23c66d10"
"src/main/java/com/sodimac/fiscal/api/service/impl/InvoiceServiceImpl.java","305","java:S1135","INFO","CODE_SMELL","MAINTAINABILITY=LOW","0min","Complete the task associated to this TODO comment.","OPEN","5deded79-3c51-4573-a287-239b244c239b"
"src/main/java/com/sodimac/fiscal/api/service/impl/InvoiceServiceImpl.java","306","java:S125","MAJOR","CODE_SMELL","MAINTAINABILITY=MEDIUM","5min","This block of commented-out lines of code should be removed.","OPEN","c492e779-a0b1-4d69-af5d-68abd06b933c"
"src/main/java/com/sodimac/fiscal/api/service/impl/InvoiceServiceImpl.java","336","java:S1141","MAJOR","CODE_SMELL","MAINTAINABILITY=MEDIUM","20min","Extract this nested try block into a separate method.","OPEN","0a97624f-2559-490c-9456-0f9c7bc3cf0f"
"src/main/java/com/sodimac/fiscal/api/service/impl/InvoiceServiceImpl.java","371","java:S1192","CRITICAL","CODE_SMELL","MAINTAINABILITY=HIGH","8min","Define a constant instead of duplicating this literal ""invoiceUuid"" 3 times.","OPEN","cd76c5c9-fc60-43fb-ad46-9187a5a3789d"
"src/main/java/com/sodimac/fiscal/api/service/impl/InvoiceServiceImpl.java","461","java:S1192","CRITICAL","CODE_SMELL","MAINTAINABILITY=HIGH","10min","Define a constant instead of duplicating this literal ""UUID: {}"" 4 times.","OPEN","14ec4a4c-cd48-48eb-8dce-f1f4abe7616f"
"src/main/java/com/sodimac/fiscal/api/service/impl/InvoiceServiceImpl.java","470","java:S1854","MAJOR","CODE_SMELL","MAINTAINABILITY=MEDIUM","1min","Remove this useless assignment to local variable ""startTime"".","OPEN","fd777265-b117-44b3-a0eb-4a152c11619d"
"src/main/java/com/sodimac/fiscal/api/service/impl/InvoiceServiceImpl.java","470","java:S1481","MINOR","CODE_SMELL","MAINTAINABILITY=LOW","5min","Remove this unused ""startTime"" local variable.","OPEN","324c07a7-bf62-4acb-a5e8-d3d5f4aba616"
"src/main/java/com/sodimac/fiscal/api/service/impl/InvoiceServiceImpl.java","479","java:S1192","CRITICAL","CODE_SMELL","MAINTAINABILITY=HIGH","8min","Define a constant instead of duplicating this literal ""Documento no encontrado. UUID: {}"" 3 times.","OPEN","e97b9cab-b318-4af5-b49c-bde69f55790c"
"src/main/java/com/sodimac/fiscal/api/service/impl/InvoiceServiceImpl.java","480","java:S1192","CRITICAL","CODE_SMELL","MAINTAINABILITY=HIGH","12min","Define a constant instead of duplicating this literal ""UUID: "" 5 times.","OPEN","3f5dcaf0-976d-44e6-9251-24600791dc14"
"src/main/java/com/sodimac/fiscal/api/service/impl/InvoiceServiceImpl.java","542","java:S1192","CRITICAL","CODE_SMELL","MAINTAINABILITY=HIGH","8min","Define a constant instead of duplicating this literal ""request"" 3 times.","OPEN","d17a3cc3-1dc8-431c-a8fa-1dd2930ce8fd"
"src/main/java/com/sodimac/fiscal/api/service/impl/InvoiceServiceImpl.java","840","java:S1192","CRITICAL","CODE_SMELL","MAINTAINABILITY=HIGH","8min","Define a constant instead of duplicating this literal "", recepcion="" 3 times.","OPEN","5d249d4a-a3cd-4316-a5ed-45bef6c52ea0"
"src/main/java/com/sodimac/fiscal/api/service/impl/InvoiceServiceImpl.java","972","java:S107","MAJOR","CODE_SMELL","MAINTAINABILITY=MEDIUM","20min","Method has 10 parameters, which is greater than 7 authorized.","OPEN","a416f6d9-6452-4d0b-8ea0-f486dd54629b"
"src/main/java/com/sodimac/fiscal/api/service/impl/InvoiceServiceImpl.java","1165","java:S117","MINOR","CODE_SMELL","MAINTAINABILITY=LOW","2min","Rename this local variable to match the regular expression '^[a-z][a-zA-Z0-9]*$'.","OPEN","610ab21b-e437-42dd-b0c7-91c52f3296bb"
"src/main/java/com/sodimac/fiscal/api/service/impl/InvoiceServiceImpl.java","1215","java:S3776","CRITICAL","CODE_SMELL","MAINTAINABILITY=HIGH","12min","Refactor this method to reduce its Cognitive Complexity from 22 to the 15 allowed.","OPEN","ff574514-b9a1-4892-a433-4cf580f0666f"
"src/main/java/com/sodimac/fiscal/api/service/impl/InvoiceServiceImpl.java","1218","java:S135","MINOR","CODE_SMELL","MAINTAINABILITY=LOW","40min","Reduce the total number of break and continue statements in this loop to use at most one.","OPEN","4206e62d-73cf-4c35-b0da-3b693ea56a6e"
"src/main/java/com/sodimac/fiscal/api/service/impl/InvoiceServiceImpl.java","1293","java:S117","MINOR","CODE_SMELL","MAINTAINABILITY=LOW","2min","Rename this local variable to match the regular expression '^[a-z][a-zA-Z0-9]*$'.","OPEN","91e45042-4b51-40bd-ad79-f8a043963a31"
"src/main/java/com/sodimac/fiscal/api/service/impl/InvoiceServiceImpl.java","1629","java:S1192","CRITICAL","CODE_SMELL","MAINTAINABILITY=HIGH","8min","Define a constant instead of duplicating this literal ""Estatus: "" 3 times.","OPEN","ad38c7c4-e2c8-4aea-b7b1-d34b28e22cac"
"src/main/java/com/sodimac/fiscal/api/service/impl/InvoiceServiceImpl.java","1696","java:S3776","CRITICAL","CODE_SMELL","MAINTAINABILITY=HIGH","8min","Refactor this method to reduce its Cognitive Complexity from 18 to the 15 allowed.","OPEN","7bd36b77-787e-4592-9365-f8d460f70a5f"
"src/main/java/com/sodimac/fiscal/api/service/impl/InvoiceServiceImpl.java","1938","java:S6541","INFO","CODE_SMELL","MAINTAINABILITY=INFO","0min","A ""Brain Method"" was detected. Refactor it to reduce at least one of the following metrics: LOC from 94 to 64, Complexity from 26 to 14, Nesting Level from 3 to 2, Number of Variables from 18 to 6.","OPEN","70fc6f3a-91bc-4b13-af94-85cbe002b4de"
"src/main/java/com/sodimac/fiscal/api/service/impl/InvoiceServiceImpl.java","1938","java:S3776","CRITICAL","CODE_SMELL","MAINTAINABILITY=HIGH","20min","Refactor this method to reduce its Cognitive Complexity from 30 to the 15 allowed.","OPEN","962644a8-c7da-4211-ba10-70a2d16f1f3a"
"src/main/java/com/sodimac/fiscal/api/service/impl/InvoiceServiceImpl.java","2057","java:S1135","INFO","CODE_SMELL","MAINTAINABILITY=LOW","0min","Complete the task associated to this TODO comment.","OPEN","c5442950-67c3-4e95-b061-79cac18a8016"
"src/main/java/com/sodimac/fiscal/api/service/impl/InvoiceServiceImpl.java","2106","java:S1135","INFO","CODE_SMELL","MAINTAINABILITY=LOW","0min","Complete the task associated to this TODO comment.","OPEN","bd848410-2153-4f37-994f-ab735ced2bc0"
"src/main/java/com/sodimac/fiscal/api/service/impl/InvoiceServiceImpl.java","2173","java:S107","MAJOR","CODE_SMELL","MAINTAINABILITY=MEDIUM","20min","Method has 8 parameters, which is greater than 7 authorized.","OPEN","e88ba66f-71ba-42da-9866-0e2137297aa2"
"src/main/java/com/sodimac/fiscal/api/service/impl/InvoiceServiceImpl.java","2173","java:S1144","MAJOR","CODE_SMELL","MAINTAINABILITY=MEDIUM","2min","Remove this unused private ""saveActivityLog"" method.","OPEN","e6d43e63-55b4-4c32-b950-b2b1f1717bb2"
"src/main/java/com/sodimac/fiscal/api/service/impl/InvoiceServiceImpl.java","2211","java:S3776","CRITICAL","CODE_SMELL","MAINTAINABILITY=HIGH","14min","Refactor this method to reduce its Cognitive Complexity from 24 to the 15 allowed.","OPEN","f87b410c-9c58-451b-80d7-b5a9fdc2d1df"
"src/main/java/com/sodimac/fiscal/api/service/impl/InvoiceServiceImpl.java","2391","java:S1141","MAJOR","CODE_SMELL","MAINTAINABILITY=MEDIUM","20min","Extract this nested try block into a separate method.","OPEN","b5276098-56f5-419c-ab32-30aa86152439"
"src/main/java/com/sodimac/fiscal/api/service/impl/InvoiceServiceImpl.java","2530","java:S1192","CRITICAL","CODE_SMELL","MAINTAINABILITY=HIGH","8min","Define a constant instead of duplicating this literal ""Serie"" 3 times.","OPEN","098d9fb7-5985-435b-a0d9-a9bfc40f2598"
"src/main/java/com/sodimac/fiscal/api/service/impl/InvoiceServiceImpl.java","2531","java:S1192","CRITICAL","CODE_SMELL","MAINTAINABILITY=HIGH","8min","Define a constant instead of duplicating this literal ""Folio"" 3 times.","OPEN","a8d99cbc-d1c1-4212-a814-fa813f4b696c"
"src/main/java/com/sodimac/fiscal/api/service/impl/InvoiceServiceImpl.java","2532","java:S1192","CRITICAL","CODE_SMELL","MAINTAINABILITY=HIGH","8min","Define a constant instead of duplicating this literal ""Fecha Emision"" 3 times.","OPEN","d81bb78e-e1f6-47fd-be6e-c64518ee39dc"
"src/main/java/com/sodimac/fiscal/api/service/impl/InvoiceServiceImpl.java","2537","java:S1192","CRITICAL","CODE_SMELL","MAINTAINABILITY=HIGH","8min","Define a constant instead of duplicating this literal ""Subtotal"" 3 times.","OPEN","dec511f5-1ac2-4348-8fa1-f2e6adbbfb67"
"src/main/java/com/sodimac/fiscal/api/service/impl/InvoiceServiceImpl.java","2538","java:S1192","CRITICAL","CODE_SMELL","MAINTAINABILITY=HIGH","8min","Define a constant instead of duplicating this literal ""Total"" 3 times.","OPEN","b67f9851-4ddb-47a0-8590-2bec9c5765f0"
"src/main/java/com/sodimac/fiscal/api/service/impl/InvoiceServiceImpl.java","2641","java:S3776","CRITICAL","CODE_SMELL","MAINTAINABILITY=HIGH","8min","Refactor this method to reduce its Cognitive Complexity from 18 to the 15 allowed.","OPEN","5befcbd6-375c-422a-ac77-c295ecd100d2"
"src/main/java/com/sodimac/fiscal/api/service/impl/InvoiceServiceImpl.java","2962","java:S3776","CRITICAL","CODE_SMELL","MAINTAINABILITY=HIGH","9min","Refactor this method to reduce its Cognitive Complexity from 19 to the 15 allowed.","OPEN","4cdb3759-9f19-470b-a6e1-f78a42607ef2"
"src/main/java/com/sodimac/fiscal/api/service/impl/InvoiceServiceImpl.java","2972","java:S1141","MAJOR","CODE_SMELL","MAINTAINABILITY=MEDIUM","20min","Extract this nested try block into a separate method.","OPEN","f27cba28-9926-42d8-becd-d401b9d16dd2"
"src/main/java/com/sodimac/fiscal/api/service/impl/InvoiceServiceImpl.java","3059","java:S1141","MAJOR","CODE_SMELL","MAINTAINABILITY=MEDIUM","20min","Extract this nested try block into a separate method.","OPEN","393670cd-e0dd-4e66-9ba7-23e22cc78318"
"src/main/java/com/sodimac/fiscal/api/service/impl/LogServiceImpl.java","35","java:S125","MAJOR","CODE_SMELL","MAINTAINABILITY=MEDIUM","5min","This block of commented-out lines of code should be removed.","OPEN","d6457486-6a01-4559-8ca5-75c4fb17428c"
"src/main/java/com/sodimac/fiscal/api/service/impl/MessageCatalogServiceImpl.java","199","java:S3740","MAJOR","CODE_SMELL","MAINTAINABILITY=MEDIUM","5min","Provide the parametrized type for this generic.","OPEN","aca5b7f4-a154-49dd-a5b0-09ca9f7fe584"
"src/main/java/com/sodimac/fiscal/api/service/impl/NCValidationServiceImpl.java","57","java:S1874","MINOR","CODE_SMELL","MAINTAINABILITY=LOW","15min","Remove this use of ""throwError""; it is deprecated.","OPEN","6480b9b9-8f1f-42c0-9d4e-5b438248ca9e"
"src/main/java/com/sodimac/fiscal/api/service/impl/NCValidationServiceImpl.java","63","java:S1874","MINOR","CODE_SMELL","MAINTAINABILITY=LOW","15min","Remove this use of ""throwError""; it is deprecated.","OPEN","402c45bc-a948-4d3a-8501-3c1cb2f336ed"
"src/main/java/com/sodimac/fiscal/api/service/impl/NCValidationServiceImpl.java","69","java:S1874","MINOR","CODE_SMELL","MAINTAINABILITY=LOW","15min","Remove this use of ""throwError""; it is deprecated.","OPEN","cd30abd3-b241-4c5e-b179-2e862898a42c"
"src/main/java/com/sodimac/fiscal/api/service/impl/NCValidationServiceImpl.java","75","java:S1874","MINOR","CODE_SMELL","MAINTAINABILITY=LOW","15min","Remove this use of ""throwError""; it is deprecated.","OPEN","e83b7cbe-c48d-474f-a4c0-6ab96b68b5b2"
"src/main/java/com/sodimac/fiscal/api/service/impl/NCValidationServiceImpl.java","86","java:S1874","MINOR","CODE_SMELL","MAINTAINABILITY=LOW","15min","Remove this use of ""throwError""; it is deprecated.","OPEN","167761fd-2256-4894-a27b-1dd12f650068"
"src/main/java/com/sodimac/fiscal/api/service/impl/PacServiceCabajalImpl.java","20","java:S1135","INFO","CODE_SMELL","MAINTAINABILITY=LOW","0min","Complete the task associated to this TODO comment.","OPEN","d10f89cb-bc3b-47e0-8fc8-fceeffa193c5"
"src/main/java/com/sodimac/fiscal/api/service/impl/PacServiceDetecnoImpl.java","68","java:S1068","MAJOR","CODE_SMELL","MAINTAINABILITY=MEDIUM","5min","Remove this unused ""logger"" private field.","OPEN","4845b44a-c7b1-48cd-98c1-6a3e53bbb2bd"
"src/main/java/com/sodimac/fiscal/api/service/impl/PacServiceDetecnoImpl.java","78","java:S1144","MAJOR","CODE_SMELL","MAINTAINABILITY=MEDIUM","2min","Remove this unused private ""getVauleFromXmlFile"" method.","OPEN","f612f05d-374f-4fce-a5d0-f18107f58f82"
"src/main/java/com/sodimac/fiscal/api/service/impl/PacServiceDetecnoImpl.java","79","java:S125","MAJOR","CODE_SMELL","MAINTAINABILITY=MEDIUM","5min","This block of commented-out lines of code should be removed.","OPEN","9a3cefbf-a7ce-4558-ac8b-ece572205071"
"src/main/java/com/sodimac/fiscal/api/service/impl/PacServiceDetecnoImpl.java","83","java:S117","MINOR","CODE_SMELL","MAINTAINABILITY=LOW","2min","Rename this local variable to match the regular expression '^[a-z][a-zA-Z0-9]*$'.","OPEN","5e0e238b-d538-4747-b3e3-553e66983624"
"src/main/java/com/sodimac/fiscal/api/service/impl/PacServiceDetecnoImpl.java","84","java:S117","MINOR","CODE_SMELL","MAINTAINABILITY=LOW","2min","Rename this local variable to match the regular expression '^[a-z][a-zA-Z0-9]*$'.","OPEN","3e2f56fa-c48a-49fd-9c0f-a2aaaf206743"
"src/main/java/com/sodimac/fiscal/api/service/impl/PacServiceDetecnoImpl.java","86","java:S1488","MINOR","CODE_SMELL","MAINTAINABILITY=LOW","2min","Immediately return this expression instead of assigning it to the temporary variable ""fiscalDto"".","OPEN","4dae1ed7-f3ec-43c9-a4c3-1e10217d7aff"
"src/main/java/com/sodimac/fiscal/api/service/impl/PacServiceDetecnoImpl.java","92","java:S125","MAJOR","CODE_SMELL","MAINTAINABILITY=MEDIUM","5min","This block of commented-out lines of code should be removed.","OPEN","88025b6d-3ffb-4a9a-8e5f-b1e0d7c52d55"
"src/main/java/com/sodimac/fiscal/api/service/impl/PacServiceDetecnoImpl.java","113","java:S1192","CRITICAL","CODE_SMELL","MAINTAINABILITY=HIGH","16min","Define a constant instead of duplicating this literal "". ERROR: "" 7 times.","OPEN","35d420ee-93d3-46fe-b27f-bd5230670e16"
"src/main/java/com/sodimac/fiscal/api/service/impl/PacServiceDetecnoImpl.java","147","java:S1172","MAJOR","CODE_SMELL","MAINTAINABILITY=MEDIUM","5min","Remove these unused method parameters ""xml"", ""pacPrioidad"".","OPEN","12455d84-7f28-42e9-bdb4-a9307f9f4cf1"
"src/main/java/com/sodimac/fiscal/api/service/impl/PacServiceDetecnoImpl.java","157","java:S125","MAJOR","CODE_SMELL","MAINTAINABILITY=MEDIUM","5min","This block of commented-out lines of code should be removed.","OPEN","2821a081-01e7-4249-959a-0f5302bd1036"
"src/main/java/com/sodimac/fiscal/api/service/impl/PacServiceDetecnoImpl.java","164","java:S125","MAJOR","CODE_SMELL","MAINTAINABILITY=MEDIUM","5min","This block of commented-out lines of code should be removed.","OPEN","06bc1b66-484c-4d54-bede-ff6df9c827a2"
"src/main/java/com/sodimac/fiscal/api/service/impl/PacServiceDetecnoImpl.java","168","java:S125","MAJOR","CODE_SMELL","MAINTAINABILITY=MEDIUM","5min","This block of commented-out lines of code should be removed.","OPEN","9c50d20d-8967-4001-a6b2-9a60642a08a8"
"src/main/java/com/sodimac/fiscal/api/service/impl/PacServiceDetecnoImpl.java","169","java:S1481","MINOR","CODE_SMELL","MAINTAINABILITY=LOW","5min","Remove this unused ""logdto"" local variable.","OPEN","29eab184-41e5-4f32-966f-a29b8c142d42"
"src/main/java/com/sodimac/fiscal/api/service/impl/PacServiceDetecnoImpl.java","169","java:S1854","MAJOR","CODE_SMELL","MAINTAINABILITY=MEDIUM","1min","Remove this useless assignment to local variable ""logdto"".","OPEN","acf3a899-5272-4fb7-baed-2b3eb2de3d3e"
"src/main/java/com/sodimac/fiscal/api/service/impl/PacServiceDetecnoImpl.java","173","java:S100","MINOR","CODE_SMELL","MAINTAINABILITY=LOW","5min","Rename this method name to match the regular expression '^[a-z][a-zA-Z0-9]*$'.","OPEN","58c6cbdf-02c0-40dd-b43b-17a9b4270c43"
"src/main/java/com/sodimac/fiscal/api/service/impl/PacServiceDetecnoImpl.java","203","java:S1488","MINOR","CODE_SMELL","MAINTAINABILITY=LOW","2min","Immediately return this expression instead of assigning it to the temporary variable ""responseDTO"".","OPEN","d21b5e75-7cab-46c9-bae5-660091418007"
"src/main/java/com/sodimac/fiscal/api/service/impl/PacServiceDetecnoImpl.java","209","java:S125","MAJOR","CODE_SMELL","MAINTAINABILITY=MEDIUM","5min","This block of commented-out lines of code should be removed.","OPEN","05c81ae8-3812-4039-9c32-b55890bcc8d5"
"src/main/java/com/sodimac/fiscal/api/service/impl/PacServiceDetecnoImpl.java","221","java:S100","MINOR","CODE_SMELL","MAINTAINABILITY=LOW","5min","Rename this method name to match the regular expression '^[a-z][a-zA-Z0-9]*$'.","OPEN","f15df684-f017-48b1-82fa-edfa743514fd"
"src/main/java/com/sodimac/fiscal/api/service/impl/PacServiceDetecnoImpl.java","237","java:S1144","MAJOR","CODE_SMELL","MAINTAINABILITY=MEDIUM","2min","Remove this unused private ""getDocument"" method.","OPEN","4de6ab72-e808-4dc1-b0ad-976eafafb142"
"src/main/java/com/sodimac/fiscal/api/service/impl/PacServiceDetecnoImpl.java","243","java:S4087","MINOR","CODE_SMELL","MAINTAINABILITY=LOW","2min","Remove this ""close"" call; closing the resource is handled automatically by the try-with-resources.","OPEN","71f7151e-19ff-4ba7-8654-d924ed0fb5d2"
"src/main/java/com/sodimac/fiscal/api/service/impl/PacServiceDetecnoImpl.java","256","java:S125","MAJOR","CODE_SMELL","MAINTAINABILITY=MEDIUM","5min","This block of commented-out lines of code should be removed.","OPEN","990b8ff5-4601-42ae-bc8e-159e64a31262"
"src/main/java/com/sodimac/fiscal/api/service/impl/PacServiceDetecnoImpl.java","259","java:S2755","BLOCKER","VULNERABILITY","SECURITY=HIGH","15min","Disable access to external entities in XML parsing.","OPEN","a9f3d95e-9955-4593-8aa6-79d4cfd640d4"
"src/main/java/com/sodimac/fiscal/api/service/impl/PacServiceDetecnoImpl.java","262","java:S1488","MINOR","CODE_SMELL","MAINTAINABILITY=LOW","2min","Immediately return this expression instead of assigning it to the temporary variable ""doc"".","OPEN","f3bade53-3996-489b-855e-92fab50ed360"
"src/main/java/com/sodimac/fiscal/api/service/impl/PacServiceDetecnoImpl.java","267","java:S1130","MINOR","CODE_SMELL","MAINTAINABILITY=LOW","5min","Remove the declaration of thrown exception 'javax.xml.transform.TransformerConfigurationException' which is a subclass of 'javax.xml.transform.TransformerException'.","OPEN","226d3f0d-acdd-4255-a296-63661a59839b"
"src/main/java/com/sodimac/fiscal/api/service/impl/PacServiceDetecnoImpl.java","267","java:S1144","MAJOR","CODE_SMELL","MAINTAINABILITY=MEDIUM","2min","Remove this unused private ""convertDocumentToString"" method.","OPEN","2955a313-5e21-4294-bcc3-63c9f11c5648"
"src/main/java/com/sodimac/fiscal/api/service/impl/PacServiceDetecnoImpl.java","269","java:S2755","BLOCKER","VULNERABILITY","SECURITY=HIGH","15min","Disable access to external entities in XML parsing.","OPEN","be504918-1f4e-44d4-9866-1c789106073b"
"src/main/java/com/sodimac/fiscal/api/service/impl/PacServiceDetecnoImpl.java","275","java:S125","MAJOR","CODE_SMELL","MAINTAINABILITY=MEDIUM","5min","This block of commented-out lines of code should be removed.","OPEN","410127bd-6566-4880-af32-52bfb04a7789"
"src/main/java/com/sodimac/fiscal/api/service/impl/PacServiceDetecnoImpl.java","289","java:S1130","MINOR","CODE_SMELL","MAINTAINABILITY=LOW","5min","Remove the declaration of thrown exception 'javax.xml.transform.TransformerConfigurationException' which is a subclass of 'javax.xml.transform.TransformerException'.","OPEN","f624e944-9aeb-4f63-9165-e57320a6b539"
"src/main/java/com/sodimac/fiscal/api/service/impl/PacServiceDetecnoImpl.java","289","java:S1144","MAJOR","CODE_SMELL","MAINTAINABILITY=MEDIUM","2min","Remove this unused private ""convertDomToXmlString"" method.","OPEN","d4ba2d18-5672-481d-bb5e-515fcafa9492"
"src/main/java/com/sodimac/fiscal/api/service/impl/PacServiceDetecnoImpl.java","290","java:S2755","BLOCKER","VULNERABILITY","SECURITY=HIGH","15min","Disable access to external entities in XML parsing.","OPEN","ed9f688b-e37d-4d9a-a9eb-32f972b2429e"
"src/main/java/com/sodimac/fiscal/api/service/impl/PacServiceDetecnoImpl.java","301","java:S1144","MAJOR","CODE_SMELL","MAINTAINABILITY=MEDIUM","2min","Remove this unused private ""convertXmlStringToJson"" method.","OPEN","2349b958-9da0-4a62-9008-b62f2c25b6ba"
"src/main/java/com/sodimac/fiscal/api/service/impl/PagosXmlProcessorServiceImpl.java","41","java:S1874","MINOR","CODE_SMELL","MAINTAINABILITY=LOW","15min","Remove this use of ""throwError""; it is deprecated.","OPEN","42ff9890-c1cf-40b6-b0a9-2e2c70a7a7fb"
"src/main/java/com/sodimac/fiscal/api/service/impl/PagosXmlProcessorServiceImpl.java","67","java:S1874","MINOR","CODE_SMELL","MAINTAINABILITY=LOW","15min","Remove this use of ""throwError""; it is deprecated.","OPEN","9f493fb6-66e4-4c0e-9815-2061727f7074"
"src/main/java/com/sodimac/fiscal/api/service/impl/PagosXmlProcessorServiceImpl.java","79","java:S1874","MINOR","CODE_SMELL","MAINTAINABILITY=LOW","15min","Remove this use of ""throwError""; it is deprecated.","OPEN","04f3de85-bd65-49d7-b702-c224fdc0ba33"
"src/main/java/com/sodimac/fiscal/api/service/impl/PagosXmlProcessorServiceImpl.java","84","java:S1874","MINOR","CODE_SMELL","MAINTAINABILITY=LOW","15min","Remove this use of ""throwError""; it is deprecated.","OPEN","3b959ad8-1c28-44c2-89bc-003a79371562"
"src/main/java/com/sodimac/fiscal/api/service/impl/PagosXmlProcessorServiceImpl.java","89","java:S1874","MINOR","CODE_SMELL","MAINTAINABILITY=LOW","15min","Remove this use of ""throwError""; it is deprecated.","OPEN","3d4bfd0c-42ea-4a2a-b1c8-236c74234849"
"src/main/java/com/sodimac/fiscal/api/service/impl/PagosXmlProcessorServiceImpl.java","108","java:S1874","MINOR","CODE_SMELL","MAINTAINABILITY=LOW","15min","Remove this use of ""throwError""; it is deprecated.","OPEN","e59a429d-20c9-470b-891f-1526a00a6b43"
"src/main/java/com/sodimac/fiscal/api/service/impl/PagosXmlProcessorServiceImpl.java","113","java:S1874","MINOR","CODE_SMELL","MAINTAINABILITY=LOW","15min","Remove this use of ""throwError""; it is deprecated.","OPEN","c0acd28d-3b3b-431c-b792-5ec061a3f066"
"src/main/java/com/sodimac/fiscal/api/service/impl/PagosXmlProcessorServiceImpl.java","118","java:S1874","MINOR","CODE_SMELL","MAINTAINABILITY=LOW","15min","Remove this use of ""throwError""; it is deprecated.","OPEN","0fad5cee-8f29-462b-9d4c-46a9c7726a66"
"src/main/java/com/sodimac/fiscal/api/service/impl/PagosXmlProcessorServiceImpl.java","124","java:S1874","MINOR","CODE_SMELL","MAINTAINABILITY=LOW","15min","Remove this use of ""throwError""; it is deprecated.","OPEN","b750651b-e086-40b7-8867-1710d14573d0"
"src/main/java/com/sodimac/fiscal/api/service/impl/PagosXmlProcessorServiceImpl.java","145","java:S1874","MINOR","CODE_SMELL","MAINTAINABILITY=LOW","15min","Remove this use of ""throwError""; it is deprecated.","OPEN","7cc66258-0fe8-4920-a377-46ec91c057ea"
"src/main/java/com/sodimac/fiscal/api/service/impl/PagosXmlProcessorServiceImpl.java","150","java:S1874","MINOR","CODE_SMELL","MAINTAINABILITY=LOW","15min","Remove this use of ""throwError""; it is deprecated.","OPEN","92a749f5-58ed-4d89-812d-67c2a67b0386"
"src/main/java/com/sodimac/fiscal/api/service/impl/PagosXmlProcessorServiceImpl.java","155","java:S1874","MINOR","CODE_SMELL","MAINTAINABILITY=LOW","15min","Remove this use of ""throwError""; it is deprecated.","OPEN","8d05acc8-3e39-4404-8d13-23ca65150d9f"
"src/main/java/com/sodimac/fiscal/api/service/impl/PagosXmlProcessorServiceImpl.java","204","java:S1141","MAJOR","CODE_SMELL","MAINTAINABILITY=MEDIUM","20min","Extract this nested try block into a separate method.","OPEN","63359096-cbd8-4c30-acd4-347876dcee65"
"src/main/java/com/sodimac/fiscal/api/service/impl/PaymentRegistrationServiceImpl.java","56","java:S1135","INFO","CODE_SMELL","MAINTAINABILITY=LOW","0min","Complete the task associated to this TODO comment.","OPEN","11b1411a-110f-470a-a871-3957de894dc1"
"src/main/java/com/sodimac/fiscal/api/service/impl/PaymentRegistrationServiceImpl.java","70","java:S1068","MAJOR","CODE_SMELL","MAINTAINABILITY=MEDIUM","5min","Remove this unused ""logService"" private field.","OPEN","fe6f5fea-9ac7-4894-a9cd-fb6858de7081"
"src/main/java/com/sodimac/fiscal/api/service/impl/PaymentRegistrationServiceImpl.java","124","java:S1192","CRITICAL","CODE_SMELL","MAINTAINABILITY=HIGH","14min","Define a constant instead of duplicating this literal ""========================================"" 6 times.","OPEN","2b94122b-f611-47ca-b246-9a880bdd2c4b"
"src/main/java/com/sodimac/fiscal/api/service/impl/PaymentRegistrationServiceImpl.java","166","java:S1874","MINOR","CODE_SMELL","MAINTAINABILITY=LOW","15min","Remove this use of ""throwError""; it is deprecated.","OPEN","27fb840f-fc1e-4bdb-b350-ae45cb0224b7"
"src/main/java/com/sodimac/fiscal/api/service/impl/PaymentRegistrationServiceImpl.java","220","java:S1135","INFO","CODE_SMELL","MAINTAINABILITY=LOW","0min","Complete the task associated to this TODO comment.","OPEN","0306f2a9-addf-483a-8759-13e144ec8885"
"src/main/java/com/sodimac/fiscal/api/service/impl/PaymentRegistrationServiceImpl.java","221","java:S125","MAJOR","CODE_SMELL","MAINTAINABILITY=MEDIUM","5min","This block of commented-out lines of code should be removed.","OPEN","de423218-25d3-4bd5-9d96-0dd75d2f95c5"
"src/main/java/com/sodimac/fiscal/api/service/impl/PaymentRegistrationServiceImpl.java","290","java:S1874","MINOR","CODE_SMELL","MAINTAINABILITY=LOW","15min","Remove this use of ""throwError""; it is deprecated.","OPEN","2ec4cb55-165a-4b62-b829-8f81fc5739d8"
"src/main/java/com/sodimac/fiscal/api/service/impl/PaymentRegistrationServiceImpl.java","315","java:S1874","MINOR","CODE_SMELL","MAINTAINABILITY=LOW","15min","Remove this use of ""throwError""; it is deprecated.","OPEN","3ce20583-e02f-4536-8cee-f562120bb2a6"
"src/main/java/com/sodimac/fiscal/api/service/impl/PaymentRegistrationServiceImpl.java","323","java:S1172","MAJOR","CODE_SMELL","MAINTAINABILITY=MEDIUM","5min","Remove this unused method parameter ""request"".","OPEN","6d1badf9-d33a-42f2-9010-35ad9aebe6f7"
"src/main/java/com/sodimac/fiscal/api/service/impl/PaymentRegistrationServiceImpl.java","323","java:S1144","MAJOR","CODE_SMELL","MAINTAINABILITY=MEDIUM","2min","Remove this unused private ""validateWithSat"" method.","OPEN","03ae8d8c-f7e4-4922-9121-049bbbc51f35"
"src/main/java/com/sodimac/fiscal/api/service/impl/PaymentRegistrationServiceImpl.java","356","java:S1874","MINOR","CODE_SMELL","MAINTAINABILITY=LOW","15min","Remove this use of ""throwError""; it is deprecated.","OPEN","bd7cb187-d4c8-4fb1-a824-5d3d10050980"
"src/main/java/com/sodimac/fiscal/api/service/impl/PaymentRegistrationServiceImpl.java","363","java:S1874","MINOR","CODE_SMELL","MAINTAINABILITY=LOW","15min","Remove this use of ""throwError""; it is deprecated.","OPEN","08d13aaf-1f8f-44fd-a1db-933d79b981d1"
"src/main/java/com/sodimac/fiscal/api/service/impl/PaymentRegistrationServiceImpl.java","368","java:S1874","MINOR","CODE_SMELL","MAINTAINABILITY=LOW","15min","Remove this use of ""throwError""; it is deprecated.","OPEN","001cdebb-456a-4d49-97c4-2f0ba98cfe51"
"src/main/java/com/sodimac/fiscal/api/service/impl/PaymentRegistrationServiceImpl.java","419","java:S1874","MINOR","CODE_SMELL","MAINTAINABILITY=LOW","15min","Remove this use of ""throwError""; it is deprecated.","OPEN","90d3a987-c60d-44c1-938c-5e6229de057e"
"src/main/java/com/sodimac/fiscal/api/service/impl/PaymentRegistrationServiceImpl.java","481","java:S3776","CRITICAL","CODE_SMELL","MAINTAINABILITY=HIGH","17min","Refactor this method to reduce its Cognitive Complexity from 27 to the 15 allowed.","OPEN","929d2c2c-e810-44e4-81ab-fde1c6b97058"
"src/main/java/com/sodimac/fiscal/api/service/impl/PaymentValidationServiceImpl.java","45","java:S1874","MINOR","CODE_SMELL","MAINTAINABILITY=LOW","15min","Remove this use of ""throwError""; it is deprecated.","OPEN","2f8f488a-f3f6-4d5b-b3ab-b4052d3043c3"
"src/main/java/com/sodimac/fiscal/api/service/impl/PaymentValidationServiceImpl.java","61","java:S1874","MINOR","CODE_SMELL","MAINTAINABILITY=LOW","15min","Remove this use of ""throwError""; it is deprecated.","OPEN","9d7a268f-c30c-4ec4-a606-570e6e4a2a2b"
"src/main/java/com/sodimac/fiscal/api/service/impl/PaymentValidationServiceImpl.java","76","java:S1874","MINOR","CODE_SMELL","MAINTAINABILITY=LOW","15min","Remove this use of ""throwError""; it is deprecated.","OPEN","b7676b24-db8e-4107-8abf-ea4705cb664f"
"src/main/java/com/sodimac/fiscal/api/service/impl/PaymentValidationServiceImpl.java","91","java:S1874","MINOR","CODE_SMELL","MAINTAINABILITY=LOW","15min","Remove this use of ""throwError""; it is deprecated.","OPEN","558f1bee-b12c-4b39-b291-02f85edd08e5"
"src/main/java/com/sodimac/fiscal/api/service/impl/PaymentValidationServiceImpl.java","104","java:S1874","MINOR","CODE_SMELL","MAINTAINABILITY=LOW","15min","Remove this use of ""throwError""; it is deprecated.","OPEN","2f804c05-cbed-4855-b3f4-f414a8f7ebd1"
"src/main/java/com/sodimac/fiscal/api/service/impl/PaymentValidationServiceImpl.java","115","java:S1135","INFO","CODE_SMELL","MAINTAINABILITY=LOW","0min","Complete the task associated to this TODO comment.","OPEN","b110eb7c-8e49-4aa1-9c92-b891209450f3"
"src/main/java/com/sodimac/fiscal/api/service/impl/PaymentValidationServiceImpl.java","128","java:S1874","MINOR","CODE_SMELL","MAINTAINABILITY=LOW","15min","Remove this use of ""throwError""; it is deprecated.","OPEN","ba604b4c-c38d-4f33-b4c6-67a355886515"
"src/main/java/com/sodimac/fiscal/api/service/impl/PaymentXmlParserServiceImpl.java","85","java:S1874","MINOR","CODE_SMELL","MAINTAINABILITY=LOW","15min","Remove this use of ""throwError""; it is deprecated.","OPEN","e365d0f0-95b4-4791-95ba-36c7d262e6fc"
"src/main/java/com/sodimac/fiscal/api/service/impl/PaymentXmlParserServiceImpl.java","153","java:S125","MAJOR","CODE_SMELL","MAINTAINABILITY=MEDIUM","5min","This block of commented-out lines of code should be removed.","OPEN","90abb47d-a54c-47f9-8563-58d6a106aac2"
"src/main/java/com/sodimac/fiscal/api/service/impl/PaymentXmlParserServiceImpl.java","197","java:S1874","MINOR","CODE_SMELL","MAINTAINABILITY=LOW","15min","Remove this use of ""throwError""; it is deprecated.","OPEN","b987c6e6-056b-4645-921a-c0c3a7a9d5a3"
"src/main/java/com/sodimac/fiscal/api/service/impl/PaymentXmlParserServiceImpl.java","252","java:S1874","MINOR","CODE_SMELL","MAINTAINABILITY=LOW","15min","Remove this use of ""throwError""; it is deprecated.","OPEN","c594825a-ad62-418c-8c9b-e65c1878b4d1"
"src/main/java/com/sodimac/fiscal/api/service/impl/PaymentXmlParserServiceImpl.java","288","java:S1874","MINOR","CODE_SMELL","MAINTAINABILITY=LOW","15min","Remove this use of ""throwError""; it is deprecated.","OPEN","7f62b68b-fff2-4de2-80c3-5bcb5882ecb7"
"src/main/java/com/sodimac/fiscal/api/service/impl/SatCatalogServiceImpl.java","75","java:S3740","MAJOR","CODE_SMELL","MAINTAINABILITY=MEDIUM","5min","Provide the parametrized type for this generic.","OPEN","f9b23c2c-3310-4cb8-9b71-44c91d73e99e"
"src/main/java/com/sodimac/fiscal/api/service/impl/SatCatalogServiceImpl.java","108","java:S3740","MAJOR","CODE_SMELL","MAINTAINABILITY=MEDIUM","5min","Provide the parametrized type for this generic.","OPEN","0476aec1-8ad0-4195-8243-f374495df77c"
"src/main/java/com/sodimac/fiscal/api/service/impl/StatusTrainApiServiceImpl.java","63","java:S3740","MAJOR","CODE_SMELL","MAINTAINABILITY=MEDIUM","5min","Provide the parametrized type for this generic.","OPEN","0a55f95a-ad63-45f7-a458-e7897f351ff2"
"src/main/java/com/sodimac/fiscal/api/service/impl/SupplierBlockApiServiceImpl.java","56","java:S3740","MAJOR","CODE_SMELL","MAINTAINABILITY=MEDIUM","5min","Provide the parametrized type for this generic.","OPEN","3076eb18-701e-4af0-b7f7-3296a028d74f"
"src/main/java/com/sodimac/fiscal/api/service/impl/TaxExtractionServiceImpl.java","38","java:S3776","CRITICAL","CODE_SMELL","MAINTAINABILITY=HIGH","21min","Refactor this method to reduce its Cognitive Complexity from 31 to the 15 allowed.","OPEN","7ff66635-896a-4d35-a5c6-dbcb60251fdb"
"src/main/java/com/sodimac/fiscal/api/service/impl/ToolsServiceImpl.java","48","java:S1130","MINOR","CODE_SMELL","MAINTAINABILITY=LOW","5min","Remove the declaration of thrown exception 'org.xml.sax.SAXException' which is a subclass of 'java.lang.Exception'.","OPEN","eb1f43d9-a30b-44f0-9c45-f44041863f00"
"src/main/java/com/sodimac/fiscal/api/service/impl/ToolsServiceImpl.java","48","java:S1130","MINOR","CODE_SMELL","MAINTAINABILITY=LOW","5min","Remove the declaration of thrown exception 'java.io.IOException' which is a subclass of 'java.lang.Exception'.","OPEN","f9a7c35a-9d65-4a27-926b-1143dadd5710"
"src/main/java/com/sodimac/fiscal/api/service/impl/ToolsServiceImpl.java","49","java:S1130","MINOR","CODE_SMELL","MAINTAINABILITY=LOW","5min","Remove the declaration of thrown exception 'javax.xml.parsers.ParserConfigurationException' which is a subclass of 'java.lang.Exception'.","OPEN","e158616a-919b-4c6c-bbab-0ea948506fa0"
"src/main/java/com/sodimac/fiscal/api/service/impl/ToolsServiceImpl.java","55","java:S117","MINOR","CODE_SMELL","MAINTAINABILITY=LOW","2min","Rename this local variable to match the regular expression '^[a-z][a-zA-Z0-9]*$'.","OPEN","9dce2904-ec51-404d-9bb7-f0f0ad696ca9"
"src/main/java/com/sodimac/fiscal/api/service/impl/ToolsServiceImpl.java","56","java:S117","MINOR","CODE_SMELL","MAINTAINABILITY=LOW","2min","Rename this local variable to match the regular expression '^[a-z][a-zA-Z0-9]*$'.","OPEN","3aca314e-e8da-49ff-bfa9-c0f5e271d376"
"src/main/java/com/sodimac/fiscal/api/service/impl/ToolsServiceImpl.java","58","java:S1488","MINOR","CODE_SMELL","MAINTAINABILITY=LOW","2min","Immediately return this expression instead of assigning it to the temporary variable ""fiscalDto"".","OPEN","f92adbcb-47f5-43ca-91f5-cea5e3fa766a"
"src/main/java/com/sodimac/fiscal/api/service/impl/ToolsServiceImpl.java","69","java:S4087","MINOR","CODE_SMELL","MAINTAINABILITY=LOW","2min","Remove this ""close"" call; closing the resource is handled automatically by the try-with-resources.","OPEN","f3152943-1263-4506-87d8-fc68f78a1a81"
"src/main/java/com/sodimac/fiscal/api/service/impl/ToolsServiceImpl.java","82","java:S125","MAJOR","CODE_SMELL","MAINTAINABILITY=MEDIUM","5min","This block of commented-out lines of code should be removed.","OPEN","017c2ca5-670a-4a0f-a20c-72046fa80a84"
"src/main/java/com/sodimac/fiscal/api/service/impl/ToolsServiceImpl.java","85","java:S2755","BLOCKER","VULNERABILITY","SECURITY=HIGH","15min","Disable access to external entities in XML parsing.","OPEN","6eb69b78-1703-407d-bc17-1f68d7c3832a"
"src/main/java/com/sodimac/fiscal/api/service/impl/ToolsServiceImpl.java","88","java:S1488","MINOR","CODE_SMELL","MAINTAINABILITY=LOW","2min","Immediately return this expression instead of assigning it to the temporary variable ""doc"".","OPEN","ec1e1638-6ef1-4d91-9580-e6d0f7726796"
"src/main/java/com/sodimac/fiscal/api/service/impl/ToolsServiceImpl.java","94","java:S112","MAJOR","CODE_SMELL","MAINTAINABILITY=MEDIUM","20min","Define and throw a dedicated exception instead of using a generic one.","OPEN","7a4efe35-efcc-4a65-b111-6d3ed9070b2a"
"src/main/java/com/sodimac/fiscal/api/service/impl/ToolsServiceImpl.java","95","java:S2755","BLOCKER","VULNERABILITY","SECURITY=HIGH","15min","Disable access to external entities in XML parsing.","OPEN","1418e5cd-e9ce-44e8-8c1d-b8a419534116"
"src/main/java/com/sodimac/fiscal/api/service/impl/ToolsServiceImpl.java","114","java:S1488","MINOR","CODE_SMELL","MAINTAINABILITY=LOW","2min","Immediately return this expression instead of assigning it to the temporary variable ""uuid"".","OPEN","6e207c91-b4a4-42e4-8d40-1772c6244510"
"src/main/java/com/sodimac/fiscal/api/service/impl/UtilsApiServiceImpl.java","104","java:S3740","MAJOR","CODE_SMELL","MAINTAINABILITY=MEDIUM","5min","Provide the parametrized type for this generic.","OPEN","9732aad7-bb2b-4421-b0d9-4fe96e3a4844"
"src/main/java/com/sodimac/fiscal/api/service/impl/ValidaXmlServiceImpl.java","63","java:S116","MINOR","CODE_SMELL","MAINTAINABILITY=LOW","2min","Rename this field ""DETECNO"" to match the regular expression '^[a-z][a-zA-Z0-9]*$'.","OPEN","dd303e0f-7967-4b7c-858e-6714b4e22ef5"
"src/main/java/com/sodimac/fiscal/api/service/impl/ValidaXmlServiceImpl.java","65","java:S116","MINOR","CODE_SMELL","MAINTAINABILITY=LOW","2min","Rename this field ""CARBAJAL"" to match the regular expression '^[a-z][a-zA-Z0-9]*$'.","OPEN","07f5f90d-1d27-4a23-8cd6-968630b9237d"
"src/main/java/com/sodimac/fiscal/api/service/impl/ValidaXmlServiceImpl.java","89","java:S117","MINOR","CODE_SMELL","MAINTAINABILITY=LOW","2min","Rename this local variable to match the regular expression '^[a-z][a-zA-Z0-9]*$'.","OPEN","772625e4-dff4-465c-8824-db36077c8393"
"src/main/java/com/sodimac/fiscal/api/service/impl/ValidaXmlServiceImpl.java","90","java:S117","MINOR","CODE_SMELL","MAINTAINABILITY=LOW","2min","Rename this local variable to match the regular expression '^[a-z][a-zA-Z0-9]*$'.","OPEN","41e4bcf3-814c-4a50-88ff-d265f02708c8"
"src/main/java/com/sodimac/fiscal/api/service/impl/ValidaXmlServiceImpl.java","116","java:S125","MAJOR","CODE_SMELL","MAINTAINABILITY=MEDIUM","5min","This block of commented-out lines of code should be removed.","OPEN","d58d961d-fadb-4ae9-8390-0fca889a5ffa"
"src/main/java/com/sodimac/fiscal/api/service/impl/ValidaXmlServiceImpl.java","132","java:S1192","CRITICAL","CODE_SMELL","MAINTAINABILITY=HIGH","14min","Define a constant instead of duplicating this literal ""End request unsuccessfully"" 6 times.","OPEN","b6252682-654c-4f5b-9d3e-d7f386850b5f"
"src/main/java/com/sodimac/fiscal/api/service/impl/ValidaXmlServiceImpl.java","133","java:S1192","CRITICAL","CODE_SMELL","MAINTAINABILITY=HIGH","26min","Define a constant instead of duplicating this literal "". ERROR: "" 12 times.","OPEN","e85c26b9-759b-4f0f-9684-a320efb83905"
"src/main/java/com/sodimac/fiscal/api/service/impl/ValidaXmlServiceImpl.java","181","java:S4087","MINOR","CODE_SMELL","MAINTAINABILITY=LOW","2min","Remove this ""close"" call; closing the resource is handled automatically by the try-with-resources.","OPEN","5177afb4-0556-47aa-be27-cb4bab6d4b1d"
"src/main/java/com/sodimac/fiscal/api/service/impl/ValidaXmlServiceImpl.java","194","java:S125","MAJOR","CODE_SMELL","MAINTAINABILITY=MEDIUM","5min","This block of commented-out lines of code should be removed.","OPEN","aaba1dae-759c-4be6-bd7c-8323eb98618e"
"src/main/java/com/sodimac/fiscal/api/service/impl/ValidaXmlServiceImpl.java","197","java:S2755","BLOCKER","VULNERABILITY","SECURITY=HIGH","15min","Disable access to external entities in XML parsing.","OPEN","ad70d5da-3e05-4f13-aa1d-42d54bb239c5"
"src/main/java/com/sodimac/fiscal/api/service/impl/ValidaXmlServiceImpl.java","200","java:S1488","MINOR","CODE_SMELL","MAINTAINABILITY=LOW","2min","Immediately return this expression instead of assigning it to the temporary variable ""doc"".","OPEN","4c0275d0-87e2-4805-8258-533f07c5daa0"
"src/main/java/com/sodimac/fiscal/api/service/impl/ValidaXmlServiceImpl.java","205","java:S1130","MINOR","CODE_SMELL","MAINTAINABILITY=LOW","5min","Remove the declaration of thrown exception 'javax.xml.transform.TransformerConfigurationException' which is a subclass of 'javax.xml.transform.TransformerException'.","OPEN","24bf226d-3374-424f-9386-9211876d1225"
"src/main/java/com/sodimac/fiscal/api/service/impl/ValidaXmlServiceImpl.java","206","java:S2755","BLOCKER","VULNERABILITY","SECURITY=HIGH","15min","Disable access to external entities in XML parsing.","OPEN","c6466c3f-73d2-4d65-9fd5-8adbc048c81c"
"src/main/java/com/sodimac/fiscal/api/service/impl/ValidaXmlServiceImpl.java","225","java:S125","MAJOR","CODE_SMELL","MAINTAINABILITY=MEDIUM","5min","This block of commented-out lines of code should be removed.","OPEN","152ab614-dcca-4b01-a5a0-397e2ff99264"
"src/main/java/com/sodimac/fiscal/api/service/impl/ValidaXmlServiceImpl.java","229","java:S117","MINOR","CODE_SMELL","MAINTAINABILITY=LOW","2min","Rename this local variable to match the regular expression '^[a-z][a-zA-Z0-9]*$'.","OPEN","9693f116-63b9-4365-920a-b41325e6dfb7"
"src/main/java/com/sodimac/fiscal/api/service/impl/ValidaXmlServiceImpl.java","230","java:S117","MINOR","CODE_SMELL","MAINTAINABILITY=LOW","2min","Rename this local variable to match the regular expression '^[a-z][a-zA-Z0-9]*$'.","OPEN","6ccfaa1b-8473-4474-8b1e-e7163418d5d6"
"src/main/java/com/sodimac/fiscal/api/service/impl/ValidaXmlServiceImpl.java","232","java:S1488","MINOR","CODE_SMELL","MAINTAINABILITY=LOW","2min","Immediately return this expression instead of assigning it to the temporary variable ""fiscalDto"".","OPEN","b048c82e-aca0-4198-8cb3-b161c907b0cd"
"src/main/java/com/sodimac/fiscal/api/service/impl/ValidaXmlServiceImpl.java","237","java:S100","MINOR","CODE_SMELL","MAINTAINABILITY=LOW","5min","Rename this method name to match the regular expression '^[a-z][a-zA-Z0-9]*$'.","OPEN","e7d596a6-8a9d-408e-b4c7-f0fd94aa9e63"
"src/main/java/com/sodimac/fiscal/api/service/impl/ValidaXmlServiceImpl.java","267","java:S1155","MINOR","CODE_SMELL","MAINTAINABILITY=LOW","2min","Use isEmpty() to check whether the collection is empty or not.","OPEN","18bfd8f1-2f6f-4e29-8154-7391d01ed78b"
"src/main/java/com/sodimac/fiscal/api/service/impl/XmlDocumentTypeDetectorServiceImpl.java","49","java:S112","MAJOR","CODE_SMELL","MAINTAINABILITY=MEDIUM","20min","Define and throw a dedicated exception instead of using a generic one.","OPEN","2e258be2-b0aa-4deb-86b0-6d1e704791b8"
"src/main/java/com/sodimac/fiscal/api/service/impl/XmlDocumentTypeDetectorServiceImpl.java","54","java:S112","MAJOR","CODE_SMELL","MAINTAINABILITY=MEDIUM","20min","Define and throw a dedicated exception instead of using a generic one.","OPEN","e385b9ef-bb7e-4252-9fd8-133fb0f804b8"
"src/main/java/com/sodimac/fiscal/api/service/impl/XmlDocumentTypeDetectorServiceImpl.java","85","java:S112","MAJOR","CODE_SMELL","MAINTAINABILITY=MEDIUM","20min","Define and throw a dedicated exception instead of using a generic one.","OPEN","ff48795b-90bf-49a1-93da-530aa69a364c"
"src/main/java/com/sodimac/fiscal/api/service/impl/XmlDocumentTypeDetectorServiceImpl.java","126","java:S112","MAJOR","CODE_SMELL","MAINTAINABILITY=MEDIUM","20min","Define and throw a dedicated exception instead of using a generic one.","OPEN","36f40e86-3fcc-4b1f-8e64-c173da94b6d1"
"src/main/java/com/sodimac/fiscal/api/service/impl/XmlDocumentTypeDetectorServiceImpl.java","127","java:S2755","BLOCKER","VULNERABILITY","SECURITY=HIGH","15min","Disable access to external entities in XML parsing.","OPEN","4ecd2da5-5be3-492f-a248-993a111f8c25"
"src/main/java/com/sodimac/fiscal/api/service/InvoiceService.java","51","java:S107","MAJOR","CODE_SMELL","MAINTAINABILITY=MEDIUM","20min","Method has 8 parameters, which is greater than 7 authorized.","OPEN","d51f10c3-b516-4eda-bf66-acea3f796ecb"
"src/main/java/com/sodimac/fiscal/api/service/MessageCatalogService.java","212","java:S1133","INFO","CODE_SMELL","MAINTAINABILITY=LOW","10min","Do not forget to remove this deprecated code someday.","OPEN","59207b67-04f9-4afd-9f76-26a2732090c9"
"src/main/java/com/sodimac/fiscal/api/service/MessageCatalogService.java","220","java:S1133","INFO","CODE_SMELL","MAINTAINABILITY=LOW","10min","Do not forget to remove this deprecated code someday.","OPEN","f1055978-97a8-4b60-8d5d-374390c10ddf"
"src/main/java/com/sodimac/fiscal/api/service/MessageCatalogService.java","228","java:S1133","INFO","CODE_SMELL","MAINTAINABILITY=LOW","10min","Do not forget to remove this deprecated code someday.","OPEN","cedcef78-18bb-4061-86fe-a8990ddfb603"
"src/main/java/com/sodimac/fiscal/api/service/MessageCatalogService.java","236","java:S1133","INFO","CODE_SMELL","MAINTAINABILITY=LOW","10min","Do not forget to remove this deprecated code someday.","OPEN","8ae71fab-f4d9-416a-8e71-e891dbcf8872"
"src/main/java/com/sodimac/fiscal/api/service/MessageCatalogService.java","244","java:S1133","INFO","CODE_SMELL","MAINTAINABILITY=LOW","10min","Do not forget to remove this deprecated code someday.","OPEN","806cc9b5-dfa0-465d-991c-dee5f290b9cc"
"src/main/java/com/sodimac/fiscal/api/service/MessageCatalogService.java","252","java:S1133","INFO","CODE_SMELL","MAINTAINABILITY=LOW","10min","Do not forget to remove this deprecated code someday.","OPEN","98350deb-74da-43fd-a77e-188390c486df"
"src/main/java/com/sodimac/fiscal/api/service/MessageCatalogService.java","260","java:S1133","INFO","CODE_SMELL","MAINTAINABILITY=LOW","10min","Do not forget to remove this deprecated code someday.","OPEN","5f1d4cc0-2d88-495d-98aa-ef8a926b758d"
"src/main/java/com/sodimac/fiscal/api/service/MessageCatalogService.java","268","java:S1133","INFO","CODE_SMELL","MAINTAINABILITY=LOW","10min","Do not forget to remove this deprecated code someday.","OPEN","b3068f9b-16a8-46b6-ab7f-a3961760092b"
"src/main/java/com/sodimac/fiscal/api/service/PacService.java","12","java:S125","MAJOR","CODE_SMELL","MAINTAINABILITY=MEDIUM","5min","This block of commented-out lines of code should be removed.","OPEN","02638574-6537-44e3-9bd8-b603f861a7f1"
"src/main/java/com/sodimac/fiscal/api/service/PaymentRegistrationService.java","9","java:S1135","INFO","CODE_SMELL","MAINTAINABILITY=LOW","0min","Complete the task associated to this TODO comment.","OPEN","babbb485-666d-4fd1-90ca-b8c78d10e803"
"src/main/java/com/sodimac/fiscal/api/service/ToolsService.java","20","java:S1130","MINOR","CODE_SMELL","MAINTAINABILITY=LOW","5min","Remove the declaration of thrown exception 'org.xml.sax.SAXException' which is a subclass of 'java.lang.Exception'.","OPEN","514e85fc-dbf7-4e19-a2e3-7aef01e108f9"
"src/main/java/com/sodimac/fiscal/api/service/ToolsService.java","20","java:S1130","MINOR","CODE_SMELL","MAINTAINABILITY=LOW","5min","Remove the declaration of thrown exception 'java.io.IOException' which is a subclass of 'java.lang.Exception'.","OPEN","676639ad-becd-4943-be54-96b25c914a21"
"src/main/java/com/sodimac/fiscal/api/service/ToolsService.java","21","java:S112","MAJOR","CODE_SMELL","MAINTAINABILITY=MEDIUM","20min","Define and throw a dedicated exception instead of using a generic one.","OPEN","822ce8ce-78d1-48fa-a5ac-dd4c201e4334"
"src/main/java/com/sodimac/fiscal/api/service/ToolsService.java","21","java:S1130","MINOR","CODE_SMELL","MAINTAINABILITY=LOW","5min","Remove the declaration of thrown exception 'javax.xml.parsers.ParserConfigurationException' which is a subclass of 'java.lang.Exception'.","OPEN","f7d129d8-7f13-4291-9049-cdd058f2fa2b"
"src/main/java/com/sodimac/fiscal/api/util/UtilsFile.java","24","java:S1118","MAJOR","CODE_SMELL","MAINTAINABILITY=MEDIUM","5min","Add a private constructor to hide the implicit public one.","OPEN","5b310a07-7533-4e39-b476-c73b48479c28"
"src/main/java/com/sodimac/fiscal/api/util/UtilsFile.java","26","java:S1130","MINOR","CODE_SMELL","MAINTAINABILITY=LOW","5min","Remove the declaration of thrown exception 'java.io.FileNotFoundException' which is a subclass of 'java.io.IOException'.","OPEN","3b1410be-ff4a-4df9-a306-e1a029c6b213"
"src/main/java/com/sodimac/fiscal/api/util/UtilsFile.java","31","java:S2095","BLOCKER","BUG","RELIABILITY=HIGH","5min","Use try-with-resources or close this ""FileInputStream"" in a ""finally"" clause.","OPEN","c258c69f-f3fb-41af-9243-76b0b433c255"
"src/main/java/com/sodimac/fiscal/api/util/UtilsFile.java","45","java:S100","MINOR","CODE_SMELL","MAINTAINABILITY=LOW","5min","Rename this method name to match the regular expression '^[a-z][a-zA-Z0-9]*$'.","OPEN","3d8ac962-6320-491c-9cef-b33629b01950"
"src/main/java/com/sodimac/fiscal/api/util/UtilsFile.java","49","java:S2755","BLOCKER","VULNERABILITY","SECURITY=HIGH","15min","Disable access to external entities in XML parsing.","OPEN","e0917040-f8e9-4ed8-980e-7eae8253a1cf"
"src/main/java/com/sodimac/fiscal/api/util/UtilsFile.java","65","java:S2755","BLOCKER","VULNERABILITY","SECURITY=HIGH","15min","Disable access to external entities in XML parsing.","OPEN","e37ff20e-1d21-4267-89b6-f9be0d1ae134"
"src/main/java/com/sodimac/fiscal/api/util/UtilsFile.java","71","java:S100","MINOR","CODE_SMELL","MAINTAINABILITY=LOW","5min","Rename this method name to match the regular expression '^[a-z][a-zA-Z0-9]*$'.","OPEN","a1a7eeb8-f07d-452d-9a73-84666e02e0a0"
"src/main/java/com/sodimac/fiscal/api/util/UtilsFile.java","74","java:S899","MINOR","BUG","RELIABILITY=LOW","15min","Do something with the ""boolean"" value returned by ""delete"".","OPEN","4c154e93-c84b-47a7-b838-ed8ad5969e69"
"src/main/java/com/sodimac/fiscal/api/util/UtilsFile.java","74","java:S4042","MAJOR","CODE_SMELL","MAINTAINABILITY=MEDIUM","10min","Use ""java.nio.file.Files#delete"" here for better messages on error conditions.","OPEN","7d402206-f2ce-4f22-be04-ca96515018b4"
"src/main/java/com/sodimac/fiscal/api/util/UtilsFile.java","85","java:S2093","CRITICAL","CODE_SMELL","MAINTAINABILITY=HIGH","15min","Change this ""try"" to a try-with-resources. (sonar.java.source not set. Assuming 7 or greater.)","OPEN","1301c419-e0ad-44cd-a238-5a288d0e298a"
"src/main/java/com/sodimac/fiscal/api/util/UtilsFile.java","89","java:S2589","MAJOR","CODE_SMELL","MAINTAINABILITY=MEDIUM","10min","Remove this expression which always evaluates to ""true""","OPEN","b37e478a-d32e-41f1-b72d-75fb8fbdee4e"
"src/main/java/com/sodimac/fiscal/api/util/XmlToJsonConverter.java","103","java:S1141","MAJOR","CODE_SMELL","MAINTAINABILITY=MEDIUM","20min","Extract this nested try block into a separate method.","OPEN","4de58ac8-8e85-4ba8-bbf5-a974e959929e"
"src/main/java/com/sodimac/fiscal/api/util/XmlToJsonConverter.java","107","java:S106","MAJOR","CODE_SMELL","MAINTAINABILITY=MEDIUM","10min","Replace this use of System.err by a logger.","OPEN","578b8c5c-7a33-4e15-9a31-849804bfe7fa"
"src/main/java/com/sodimac/fiscal/api/util/XmlToJsonConverter.java","111","java:S106","MAJOR","CODE_SMELL","MAINTAINABILITY=MEDIUM","10min","Replace this use of System.err by a logger.","OPEN","930c4aa4-ace4-4657-84b5-519ee4b540b3"
"src/main/java/com/sodimac/fiscal/api/util/XmlToJsonConverter.java","122","java:S6541","INFO","CODE_SMELL","MAINTAINABILITY=INFO","0min","A ""Brain Method"" was detected. Refactor it to reduce at least one of the following metrics: LOC from 102 to 64, Complexity from 29 to 14, Nesting Level from 3 to 2, Number of Variables from 9 to 6.","OPEN","1c2cd65c-697b-4362-a0ca-5edbf1e43294"
"src/main/java/com/sodimac/fiscal/api/util/XmlToJsonConverter.java","122","java:S3776","CRITICAL","CODE_SMELL","MAINTAINABILITY=HIGH","26min","Refactor this method to reduce its Cognitive Complexity from 36 to the 15 allowed.","OPEN","c39cc4a9-0069-487e-842c-80780776ca4c"
"src/main/java/com/sodimac/fiscal/api/util/XmlToJsonConverter.java","129","java:S1192","CRITICAL","CODE_SMELL","MAINTAINABILITY=HIGH","14min","Define a constant instead of duplicating this literal ""Version"" 6 times.","OPEN","10fcff64-cc3f-4c83-819d-19397f8c87e6"
"src/main/java/com/sodimac/fiscal/api/util/XmlToJsonConverter.java","135","java:S1192","CRITICAL","CODE_SMELL","MAINTAINABILITY=HIGH","10min","Define a constant instead of duplicating this literal ""Folio"" 4 times.","OPEN","8e1289ec-b7c2-4289-b72f-4374a63080fa"
"src/main/java/com/sodimac/fiscal/api/util/XmlToJsonConverter.java","159","java:S1192","CRITICAL","CODE_SMELL","MAINTAINABILITY=HIGH","10min","Define a constant instead of duplicating this literal ""Moneda"" 4 times.","OPEN","2dd95233-ef01-49f9-aeca-02f5d9afcff9"
"src/main/java/com/sodimac/fiscal/api/util/XmlToJsonConverter.java","191","java:S1192","CRITICAL","CODE_SMELL","MAINTAINABILITY=HIGH","10min","Define a constant instead of duplicating this literal ""Nombre"" 4 times.","OPEN","39e3c22b-2bde-4442-bf37-593b569a77ad"
"src/main/java/com/sodimac/fiscal/api/util/XmlToJsonConverter.java","252","java:S1192","CRITICAL","CODE_SMELL","MAINTAINABILITY=HIGH","8min","Define a constant instead of duplicating this literal ""Conceptos"" 3 times.","OPEN","dedfef25-6b0b-4979-a47d-900c011c7b35"
"src/main/java/com/sodimac/fiscal/api/util/XmlToJsonConverter.java","283","java:S1192","CRITICAL","CODE_SMELL","MAINTAINABILITY=HIGH","10min","Define a constant instead of duplicating this literal ""Cantidad"" 4 times.","OPEN","875fd98b-a67e-40f9-91e5-126bcab2559a"
"src/main/java/com/sodimac/fiscal/api/util/XmlToJsonConverter.java","286","java:S1192","CRITICAL","CODE_SMELL","MAINTAINABILITY=HIGH","10min","Define a constant instead of duplicating this literal ""ClaveUnidad"" 4 times.","OPEN","1f7bea2b-8676-42bd-8149-fa0bcfcbe388"
"src/main/java/com/sodimac/fiscal/api/util/XmlToJsonConverter.java","292","java:S1192","CRITICAL","CODE_SMELL","MAINTAINABILITY=HIGH","10min","Define a constant instead of duplicating this literal ""Descripcion"" 4 times.","OPEN","838a13dc-15be-4abe-916e-45fdeea37b47"
"src/main/java/com/sodimac/fiscal/api/util/XmlToJsonConverter.java","298","java:S1192","CRITICAL","CODE_SMELL","MAINTAINABILITY=HIGH","14min","Define a constant instead of duplicating this literal ""Importe"" 6 times.","OPEN","b3b1b294-f4fe-4996-94bd-a90d8c1d048b"
"src/main/java/com/sodimac/fiscal/api/util/XmlToJsonConverter.java","306","java:S1192","CRITICAL","CODE_SMELL","MAINTAINABILITY=HIGH","8min","Define a constant instead of duplicating this literal ""Impuestos"" 3 times.","OPEN","77eef2c8-386c-4647-a32c-ec0ac4b9e278"
"src/main/java/com/sodimac/fiscal/api/util/XmlToJsonConverter.java","323","java:S1192","CRITICAL","CODE_SMELL","MAINTAINABILITY=HIGH","12min","Define a constant instead of duplicating this literal ""Traslados"" 5 times.","OPEN","849fa8fd-3c16-4385-8796-7452320ec24f"
"src/main/java/com/sodimac/fiscal/api/util/XmlToJsonConverter.java","323","java:S1192","CRITICAL","CODE_SMELL","MAINTAINABILITY=HIGH","10min","Define a constant instead of duplicating this literal ""Traslado"" 4 times.","OPEN","71272a22-22a3-4cb2-bdaf-97f0fe054d29"
"src/main/java/com/sodimac/fiscal/api/util/XmlToJsonConverter.java","349","java:S1192","CRITICAL","CODE_SMELL","MAINTAINABILITY=HIGH","10min","Define a constant instead of duplicating this literal ""Impuesto"" 4 times.","OPEN","db7d0907-8afb-4e80-86f9-37a9b3689b98"
"src/main/java/com/sodimac/fiscal/api/util/XmlToJsonConverter.java","352","java:S1192","CRITICAL","CODE_SMELL","MAINTAINABILITY=HIGH","10min","Define a constant instead of duplicating this literal ""TipoFactor"" 4 times.","OPEN","1a93d808-71e0-48e3-9020-5a86a120ef4e"
"src/main/java/com/sodimac/fiscal/api/util/XmlToJsonConverter.java","355","java:S1192","CRITICAL","CODE_SMELL","MAINTAINABILITY=HIGH","10min","Define a constant instead of duplicating this literal ""TasaOCuota"" 4 times.","OPEN","2b74e3c2-0887-41cf-8249-af019c206eb0"
"src/main/java/com/sodimac/fiscal/api/util/XmlToJsonConverter.java","373","java:S1192","CRITICAL","CODE_SMELL","MAINTAINABILITY=HIGH","12min","Define a constant instead of duplicating this literal ""Retenciones"" 5 times.","OPEN","27d7d55e-f3f4-4276-8d45-0a69cfcc5261"
"src/main/java/com/sodimac/fiscal/api/util/XmlToJsonConverter.java","373","java:S1192","CRITICAL","CODE_SMELL","MAINTAINABILITY=HIGH","10min","Define a constant instead of duplicating this literal ""Retencion"" 4 times.","OPEN","264213ec-5f23-4578-bdd7-bd4f4e4eea2c"
"src/main/java/com/sodimac/fiscal/api/util/XmlToJsonConverter.java","427","java:S1192","CRITICAL","CODE_SMELL","MAINTAINABILITY=HIGH","8min","Define a constant instead of duplicating this literal ""BOVEDAFISCAL"" 3 times.","OPEN","0844340e-60c0-4c7b-bfee-a4e377d85342"
"src/main/java/com/sodimac/fiscal/api/util/XmlToJsonConverter.java","432","java:S1192","CRITICAL","CODE_SMELL","MAINTAINABILITY=HIGH","8min","Define a constant instead of duplicating this literal ""AddendaK"" 3 times.","OPEN","fd2a772d-6483-4c9d-ac8e-ea7de1a0aab4"
"src/main/java/com/sodimac/fiscal/api/util/XmlToJsonConverter.java","437","java:S1192","CRITICAL","CODE_SMELL","MAINTAINABILITY=HIGH","8min","Define a constant instead of duplicating this literal ""Addenda_Sodimac_Detecno"" 3 times.","OPEN","65b007c9-fd8c-49a5-ae52-180587f5ccbb"
"src/main/java/com/sodimac/fiscal/api/util/XmlToJsonConverter.java","450","java:S3776","CRITICAL","CODE_SMELL","MAINTAINABILITY=HIGH","6min","Refactor this method to reduce its Cognitive Complexity from 16 to the 15 allowed.","OPEN","6759fd27-bbf7-450a-9eda-085530642786"
"src/main/java/com/sodimac/fiscal/api/util/XmlToJsonConverter.java","457","java:S1192","CRITICAL","CODE_SMELL","MAINTAINABILITY=HIGH","8min","Define a constant instead of duplicating this literal ""ImporteLetra"" 3 times.","OPEN","7b99ea7b-fa72-42e4-9a82-7b43ee7a12e1"
"src/main/java/com/sodimac/fiscal/api/util/XmlToJsonConverter.java","481","java:S1192","CRITICAL","CODE_SMELL","MAINTAINABILITY=HIGH","10min","Define a constant instead of duplicating this literal ""contrato"" 4 times.","OPEN","3f9a10db-7dea-48a5-b022-52146390c5bb"
"src/main/java/com/sodimac/fiscal/api/util/XmlToJsonConverter.java","568","java:S1192","CRITICAL","CODE_SMELL","MAINTAINABILITY=HIGH","10min","Define a constant instead of duplicating this literal ""Complemento"" 4 times.","OPEN","27db69c5-19e7-433f-8693-7d48128a828d"
"src/main/java/com/sodimac/fiscal/api/util/XmlToJsonConverter.java","616","java:S1192","CRITICAL","CODE_SMELL","MAINTAINABILITY=HIGH","8min","Define a constant instead of duplicating this literal ""Ubicaciones"" 3 times.","OPEN","792a6975-650e-4ea3-9f8e-371698675b70"
"src/main/java/com/sodimac/fiscal/api/util/XmlToJsonConverter.java","805","java:S1192","CRITICAL","CODE_SMELL","MAINTAINABILITY=HIGH","8min","Define a constant instead of duplicating this literal ""Remolques"" 3 times.","OPEN","1d9216ff-1d80-4934-a403-0f10b07da8ca"
"src/main/java/com/sodimac/fiscal/api/util/XmlToJsonConverter.java","905","java:S1192","CRITICAL","CODE_SMELL","MAINTAINABILITY=HIGH","8min","Define a constant instead of duplicating this literal ""FiguraTransporte"" 3 times.","OPEN","4cef0265-df4e-4ebc-8d7a-097797f53afd"
"src/main/java/com/sodimac/fiscal/api/util/XmlToJsonConverter.java","987","java:S106","MAJOR","CODE_SMELL","MAINTAINABILITY=MEDIUM","10min","Replace this use of System.err by a logger.","OPEN","e1a053e2-652b-448c-a3a2-be880656fb90"
"src/main/java/com/sodimac/fiscal/api/util/XmlToJsonConverter.java","997","java:S3776","CRITICAL","CODE_SMELL","MAINTAINABILITY=HIGH","16min","Refactor this method to reduce its Cognitive Complexity from 26 to the 15 allowed.","OPEN","c747abbf-cd11-4dee-8446-c1c68747f7c6"
"src/main/java/com/sodimac/fiscal/api/util/XmlToJsonConverter.java","1051","java:S106","MAJOR","CODE_SMELL","MAINTAINABILITY=MEDIUM","10min","Replace this use of System.err by a logger.","OPEN","8734d99d-b2f3-421b-a45a-fdbd04917a1e"
"src/test/java/com/sodimac/fiscal/api/controller/InvoiceSearchControllerIntegrationTest.java","477","java:S1481","MINOR","CODE_SMELL","MAINTAINABILITY=LOW","5min","Remove this unused ""result"" local variable.","OPEN","41a98a57-3366-4244-a4d5-241375968dca"
"src/test/java/com/sodimac/fiscal/api/controller/InvoiceSearchControllerIntegrationTest.java","477","java:S1854","MAJOR","CODE_SMELL","MAINTAINABILITY=MEDIUM","1min","Remove this useless assignment to local variable ""result"".","OPEN","d525fefc-6fff-4b32-a76b-4650510a631d"
"src/test/java/com/sodimac/fiscal/api/controller/InvoiceUpdateControllerTest.java","294","java:S1144","MAJOR","CODE_SMELL","MAINTAINABILITY=MEDIUM","2min","Remove this unused private ""printTestInfo"" method.","OPEN","1908770e-86c5-4e95-bec8-e8b633a30569"
"src/test/java/com/sodimac/fiscal/api/controller/RelatedDocumentsControllerTest.java","207","java:S1135","INFO","CODE_SMELL","MAINTAINABILITY=LOW","0min","Complete the task associated to this TODO comment.","OPEN","7b676ca7-64ff-44bd-9b69-a16c3d09c4d6"
